日付,場所,R,クラス,距離,レースID,馬番,馬名,騎手,スコア,印,戦略対象,複勝_買い目,複勝_購入額,馬連_買い目,馬連_購入額,三連複_買い目,三連複_購入額,三連単_買い目,三連単_購入額
2026.1.5,中山,1,未勝利,ダート1200m,2026010506010201,1,ストライプブルー,岩部純二,19.5,,✅,,,,,,,,
2026.1.5,中山,1,未勝利,ダート1200m,2026010506010201,2,バル,柴田大知,54.5,×,✅,,,,,,,,
2026.1.5,中山,1,未勝利,ダート1200m,2026010506010201,3,ジャガーライズ,三浦皇成,60.2,◯,✅,,,,,,,,
2026.1.5,中山,1,未勝利,ダート1200m,2026010506010201,4,デアトゥノウ,黛弘人,23.8,,✅,,,,,,,,
2026.1.5,中山,1,未勝利,ダート1200m,2026010506010201,5,ヴァイオスペース,丹内祐次,38.9,,✅,,,,,,,,
2026.1.5,中山,1,未勝利,ダート1200m,2026010506010201,6,サトノエスケープ,横山武史,59.7,▲,✅,,,,,,,,
2026.1.5,中山,1,未勝利,ダート1200m,2026010506010201,7,ドリームガッサン,小林美駒,46.8,,✅,,,,,,,,
2026.1.5,中山,1,未勝利,ダート1200m,2026010506010201,8,エクスプレスナイト,原優介,28.3,,✅,,,,,,,,
2026.1.5,中山,1,未勝利,ダート1200m,2026010506010201,9,フクノエルデ,江田照男,61.2,◎,✅,,0,3-9,2500,3-6-9 / 3-9-16 / 6-9-16,3600,9-3-6 / 9-6-3 / 3-9-6,3600
2026.1.5,中山,1,未勝利,ダート1200m,2026010506010201,10,ダイコクヤタエモン,木幡巧也,22.0,,✅,,,,,,,,
2026.1.5,中山,1,未勝利,ダート1200m,2026010506010201,11,エコロバロン,菊沢一樹,38.7,,✅,,,,,,,,
2026.1.5,中山,1,未勝利,ダート1200m,2026010506010201,12,フレンチブラッサム,野中悠太,43.4,,✅,,,,,,,,
2026.1.5,中山,1,未勝利,ダート1200m,2026010506010201,13,オスロクィーン,石神深道,36.7,,✅,,,,,,,,
2026.1.5,中山,1,未勝利,ダート1200m,2026010506010201,14,カシノハンゾウ,上里直汰,44.6,,✅,,,,,,,,
2026.1.5,中山,1,未勝利,ダート1200m,2026010506010201,15,フックセンチョウ,長浜鴻緒,26.5,,✅,,,,,,,,
2026.1.5,中山,1,未勝利,ダート1200m,2026010506010201,16,ベアゴーフォー,松岡正海,58.1,△,✅,,,,,,,,
2026.1.5,中山,2,未勝利,ダート1800m,2026010506010202,1,ウォータースパウト,佐々木大,45.3,▲,✅,,,,,,,,
2026.1.5,中山,2,未勝利,ダート1800m,2026010506010202,2,ブリスフルイヤー,石田拓郎,39.3,△,✅,,,,,,,,
2026.1.5,中山,2,未勝利,ダート1800m,2026010506010202,3,ライブリピュア,小林凌大,30.2,,✅,,,,,,,,
2026.1.5,中山,2,未勝利,ダート1800m,2026010506010202,4,オリエンタルガール,横山琉人,26.6,,✅,,,,,,,,
2026.1.5,中山,2,未勝利,ダート1800m,2026010506010202,5,ルミテュット,内田博幸,60.0,◯,✅,,,,,,,,
2026.1.5,中山,2,未勝利,ダート1800m,2026010506010202,6,イサチルクイーン,木幡初也,69.6,◎,✅,,0,5-6,2500,1-5-6 / 2-5-6 / 1-2-6,3600,6-5-1 / 6-1-5 / 5-6-1,3600
2026.1.5,中山,2,未勝利,ダート1800m,2026010506010202,7,リュウノプティ,上里直汰,35.0,×,✅,,,,,,,,
2026.1.5,中山,2,未勝利,ダート1800m,2026010506010202,8,アンファール,黛弘人,34.7,,✅,,,,,,,,
2026.1.5,中山,2,未勝利,ダート1800m,2026010506010202,9,ディレクティオ,丹内祐次,30.2,,✅,,,,,,,,
2026.1.5,中山,2,未勝利,ダート1800m,2026010506010202,10,キタノマテンロウ,菊沢一樹,30.5,,✅,,,,,,,,
2026.1.5,中山,2,未勝利,ダート1800m,2026010506010202,11,エンゼルランプ,嶋田純次,19.3,,✅,,,,,,,,
2026.1.5,中山,2,未勝利,ダート1800m,2026010506010202,12,ラングドシャ,石橋脩,33.3,,✅,,,,,,,,
2026.1.5,中山,2,未勝利,ダート1800m,2026010506010202,13,レイナロハルンバ,長浜鴻緒,18.7,,✅,,,,,,,,
2026.1.5,中山,2,未勝利,ダート1800m,2026010506010202,14,フォルマシオン,横山武史,23.3,,✅,,,,,,,,
2026.1.5,中山,2,未勝利,ダート1800m,2026010506010202,15,パルミエ,丸山元気,33.9,,✅,,,,,,,,
2026.1.5,中山,2,未勝利,ダート1800m,2026010506010202,16,ゴールドソシアル,武藤雅,25.1,,✅,,,,,,,,
2026.1.5,中山,3,未勝利,ダート1800m,2026010506010203,1,ロジキセキ,野中悠太,26.9,,✅,,,,,,,,
2026.1.5,中山,3,未勝利,ダート1800m,2026010506010203,2,トーセンブリラーレ,長浜鴻緒,36.4,,✅,,,,,,,,
2026.1.5,中山,3,未勝利,ダート1800m,2026010506010203,3,カフェラジェム,横山和生,67.5,◎,✅,,0,3-11,2500,3-5-11 / 3-7-11 / 3-5-7,3600,3-11-5 / 3-5-11 / 11-3-5,3600
2026.1.5,中山,3,未勝利,ダート1800m,2026010506010203,4,エラルディーク,丹内祐次,31.0,,✅,,,,,,,,
2026.1.5,中山,3,未勝利,ダート1800m,2026010506010203,5,クリムゾンリーフ,上里直汰,56.8,▲,✅,,,,,,,,
2026.1.5,中山,3,未勝利,ダート1800m,2026010506010203,6,ザンテソーロ,原優介,34.0,,✅,,,,,,,,
2026.1.5,中山,3,未勝利,ダート1800m,2026010506010203,7,スノースコール,木幡巧也,42.5,△,✅,,,,,,,,
2026.1.5,中山,3,未勝利,ダート1800m,2026010506010203,8,セブンワンダーズ,横山琉人,22.5,,✅,,,,,,,,
2026.1.5,中山,3,未勝利,ダート1800m,2026010506010203,9,ミアエッテ,松岡正海,42.3,,✅,,,,,,,,
2026.1.5,中山,3,未勝利,ダート1800m,2026010506010203,10,キセログラフィカ,横山武史,42.4,×,✅,,,,,,,,
2026.1.5,中山,3,未勝利,ダート1800m,2026010506010203,11,パテントプール,内田博幸,64.8,◯,✅,,,,,,,,
2026.1.5,中山,3,未勝利,ダート1800m,2026010506010203,12,サンタピア,柴田大知,24.5,,✅,,,,,,,,
2026.1.5,中山,4,1勝,ダート2400m,2026010506010204,1,スマートクオーレ,柴田大知,49.8,▲,✅,,,,,,,,
2026.1.5,中山,4,1勝,ダート2400m,2026010506010204,2,アルデツヨシ,江田照男,24.3,,✅,,,,,,,,
2026.1.5,中山,4,1勝,ダート2400m,2026010506010204,3,ブレイクザアイス,黛弘人,28.2,,✅,,,,,,,,
2026.1.5,中山,4,1勝,ダート2400m,2026010506010204,4,ファミーユウルーズ,武藤雅,24.8,,✅,,,,,,,,
2026.1.5,中山,4,1勝,ダート2400m,2026010506010204,5,ウインイメル,佐々木大,23.5,,✅,,,,,,,,
2026.1.5,中山,4,1勝,ダート2400m,2026010506010204,6,マウントバーノン,木幡巧也,24.9,,✅,,,,,,,,
2026.1.5,中山,4,1勝,ダート2400m,2026010506010204,7,カイトヴィント,石神深道,29.5,×,✅,,,,,,,,
2026.1.5,中山,4,1勝,ダート2400m,2026010506010204,8,チビノシエラザード,菊沢一樹,40.6,△,✅,,,,,,,,
2026.1.5,中山,4,1勝,ダート2400m,2026010506010204,9,ロードアフェット,大野拓弥,20.8,,✅,,,,,,,,
2026.1.5,中山,4,1勝,ダート2400m,2026010506010204,10,リボルトバレット,遠藤汰月,26.3,,✅,,,,,,,,
2026.1.5,中山,4,1勝,ダート2400m,2026010506010204,11,キャストロププ,丹内祐次,62.0,◎,✅,,0,11-13,3900,1-11-13 / 8-11-13 / 1-8-11,3000,11-13-1 / 11-1-13 / 13-11-1,2700
2026.1.5,中山,4,1勝,ダート2400m,2026010506010204,12,フォレストゲート,原優介,21.8,,✅,,,,,,,,
2026.1.5,中山,4,1勝,ダート2400m,2026010506010204,13,ステイアンビシャス,松岡正海,51.7,◯,✅,,,,,,,,
2026.1.5,中山,5,新馬,芝1600m,2026010506010205,1,モナート,原田和真,49.3,,✅,,,,,,,,
2026.1.5,中山,5,新馬,芝1600m,2026010506010205,2,イヌボウノサザナミ,菊沢一樹,51.4,,✅,,,,,,,,
2026.1.5,中山,5,新馬,芝1600m,2026010506010205,3,トルークマクト,吉田隼人,49.6,,✅,,,,,,,,
2026.1.5,中山,5,新馬,芝1600m,2026010506010205,4,ブレイヴソルジャー,石田拓郎,49.2,,✅,,,,,,,,
2026.1.5,中山,5,新馬,芝1600m,2026010506010205,5,ウインシャリーフ,石神深道,47.5,,✅,,,,,,,,
2026.1.5,中山,5,新馬,芝1600m,2026010506010205,6,ゴーゴーパンチ,菅原隆一,45.2,,✅,,,,,,,,
2026.1.5,中山,5,新馬,芝1600m,2026010506010205,7,タッカーヴァンバン,吉田豊,47.7,,✅,,,,,,,,
2026.1.5,中山,5,新馬,芝1600m,2026010506010205,8,キタノタイキ,小林脩斗,45.0,,✅,,,,,,,,
2026.1.5,中山,5,新馬,芝1600m,2026010506010205,9,ハートチャン,横山琉人,51.9,,✅,,,,,,,,
2026.1.5,中山,5,新馬,芝1600m,2026010506010205,10,ココナッツコースト,戸崎圭太,51.8,,✅,,,,,,,,
2026.1.5,中山,5,新馬,芝1600m,2026010506010205,11,ヴァルカンテソーロ,柴田大知,51.7,,✅,,,,,,,,
2026.1.5,中山,5,新馬,芝1600m,2026010506010205,12,デイトナチャンプ,横山武史,54.1,×,✅,,,,,,,,
2026.1.5,中山,5,新馬,芝1600m,2026010506010205,13,レガリーノ,津村明秀,61.4,◯,✅,,,,,,,,
2026.1.5,中山,5,新馬,芝1600m,2026010506010205,14,スプリングドリーム,菅原明良,61.3,▲,✅,,,,,,,,
2026.1.5,中山,5,新馬,芝1600m,2026010506010205,15,アステリアート,難波剛健,62.3,◎,✅,15,400,13-15,1200,13-14-15 / 13-15-16 / 14-15-16,3300,15-13-14 / 15-14-13 / 13-15-14,4800
2026.1.5,中山,5,新馬,芝1600m,2026010506010205,16,エスシーケイミー,大野拓弥,60.8,△,✅,,,,,,,,
2026.1.5,中山,6,未勝利,芝2000m,2026010506010206,1,ギルドホール,杉原誠人,21.0,,✅,,,,,,,,
2026.1.5,中山,6,未勝利,芝2000m,2026010506010206,2,キンググローリー,菅原明良,60.8,,✅,,,,,,,,
2026.1.5,中山,6,未勝利,芝2000m,2026010506010206,3,マイネルミラケル,原優介,26.5,,✅,,,,,,,,
2026.1.5,中山,6,未勝利,芝2000m,2026010506010206,4,プレイザリード,横山武史,69.2,△,✅,,,,,,,,
2026.1.5,中山,6,未勝利,芝2000m,2026010506010206,5,ナハトナナレオン,内田博幸,61.7,,✅,,,,,,,,
2026.1.5,中山,6,未勝利,芝2000m,2026010506010206,6,マーゴットライズ,菊沢一樹,43.7,,✅,,,,,,,,
2026.1.5,中山,6,未勝利,芝2000m,2026010506010206,7,サトノワーグナー,三浦皇成,38.8,,✅,,,,,,,,
2026.1.5,中山,6,未勝利,芝2000m,2026010506010206,8,ポポラヴィスタ,長浜鴻緒,27.4,,✅,,,,,,,,
2026.1.5,中山,6,未勝利,芝2000m,2026010506010206,9,クオンタムスター,佐々木大,63.5,,✅,,,,,,,,
2026.1.5,中山,6,未勝利,芝2000m,2026010506010206,10,ウィロークリーク,横山和生,69.7,▲,✅,,,,,,,,
2026.1.5,中山,6,未勝利,芝2000m,2026010506010206,11,レディトゥランブル,石神深道,43.1,,✅,,,,,,,,
2026.1.5,中山,6,未勝利,芝2000m,2026010506010206,12,イモータリス,石川裕紀,68.0,×,✅,,,,,,,,
2026.1.5,中山,6,未勝利,芝2000m,2026010506010206,13,アッパーウォーター,津村明秀,77.9,◎,✅,,0,13-15,2500,10-13-15 / 4-13-15 / 4-10-13,3600,13-15-10 / 13-10-15 / 15-13-10,3600
2026.1.5,中山,6,未勝利,芝2000m,2026010506010206,14,マイネルゼーロス,横山琉人,51.3,,✅,,,,,,,,
2026.1.5,中山,6,未勝利,芝2000m,2026010506010206,15,イブキ,戸崎圭太,75.4,◯,✅,,,,,,,,
2026.1.5,中山,6,未勝利,芝2000m,2026010506010206,16,マイネルリーヒム,丹内祐次,35.7,,✅,,,,,,,,
2026.1.5,中山,6,未勝利,芝2000m,2026010506010206,17,ボグラーモデル,柴田大知,16.2,,✅,,,,,,,,
2026.1.5,中山,6,未勝利,芝2000m,2026010506010206,18,ラスターヴァース,木幡巧也,53.6,,✅,,,,,,,,
2026.1.5,中山,7,1勝,芝2000m,2026010506010207,1,コスモエルヴァル,丹内祐次,49.4,△,✅,,,,,,,,
2026.1.5,中山,7,1勝,芝2000m,2026010506010207,2,ステラスペース,武藤雅,37.9,,✅,,,,,,,,
2026.1.5,中山,7,1勝,芝2000m,2026010506010207,3,アンソニー,津村明秀,45.3,,✅,,,,,,,,
2026.1.5,中山,7,1勝,芝2000m,2026010506010207,4,ヒシアムルーズ,佐々木大,33.0,,✅,,,,,,,,
2026.1.5,中山,7,1勝,芝2000m,2026010506010207,5,サンブライト,横山武史,36.8,,✅,,,,,,,,
2026.1.5,中山,7,1勝,芝2000m,2026010506010207,6,セヴェロ,菅原明良,49.5,▲,✅,,,,,,,,
2026.1.5,中山,7,1勝,芝2000m,2026010506010207,7,チャリングクロス,内田博幸,47.5,×,✅,,,,,,,,
2026.1.5,中山,7,1勝,芝2000m,2026010506010207,8,フロレセール,戸崎圭太,53.5,◎,✅,,0,8-9,3900,6-8-9 / 1-8-9 / 1-6-8,3000,8-9-6 / 8-6-9 / 9-8-6,2700
2026.1.5,中山,7,1勝,芝2000m,2026010506010207,9,ユメシルベ,柴田大知,53.4,◯,✅,,,,,,,,
2026.1.5,中山,7,1勝,芝2000m,2026010506010207,10,ストロングエース,横山琉人,27.7,,✅,,,,,,,,
2026.1.5,中山,9,2勝,ダート1800m,2026010506010209,1,グレイスザクラウン,横山武史,33.3,,✅,,,,,,,,
2026.1.5,中山,9,2勝,ダート1800m,2026010506010209,2,ナチュラルリバー,高田潤,32.7,,✅,,,,,,,,
2026.1.5,中山,9,2勝,ダート1800m,2026010506010209,3,オーケーバーディー,横山琉人,22.3,,✅,,,,,,,,
2026.1.5,中山,9,2勝,ダート1800m,2026010506010209,4,ロンパイア,佐々木大,28.0,,✅,,,,,,,,
2026.1.5,中山,9,2勝,ダート1800m,2026010506010209,5,サムシャイン,横山和生,61.2,◯,✅,,,,,,,,
2026.1.5,中山,9,2勝,ダート1800m,2026010506010209,6,シンボリノエル,吉田豊,53.5,▲,✅,,,,,,,,
2026.1.5,中山,9,2勝,ダート1800m,2026010506010209,7,ライジンマル,木幡初也,23.8,,✅,,,,,,,,
2026.1.5,中山,9,2勝,ダート1800m,2026010506010209,8,アイウィル,丹内祐次,37.6,△,✅,,,,,,,,
2026.1.5,中山,9,2勝,ダート1800m,2026010506010209,9,サイモンソーラン,菊沢一樹,20.7,,✅,,,,,,,,
2026.1.5,中山,9,2勝,ダート1800m,2026010506010209,10,セザンワールド,小林脩斗,35.9,×,✅,,,,,,,,
2026.1.5,中山,9,2勝,ダート1800m,2026010506010209,11,アメージング,田辺裕信,21.3,,✅,,,,,,,,
2026.1.5,中山,9,2勝,ダート1800m,2026010506010209,12,サノノワンダー,戸崎圭太,64.0,◎,✅,12,1500,5-12,2800,5-6-12 / 5-8-12 / 6-8-12,5400,,0
2026.1.5,中山,10,2勝,芝2000m,2026010506010210,1,ダンツファイター,佐々木大,59.0,◎,✅,1,1500,1-6,2800,1-4-6 / 1-6-11 / 1-4-11,5400,,0
2026.1.5,中山,10,2勝,芝2000m,2026010506010210,2,ラーテル,丸田恭介,20.6,,✅,,,,,,,,
2026.1.5,中山,10,2勝,芝2000m,2026010506010210,3,ダイシンアポロン,田辺裕信,27.9,,✅,,,,,,,,
2026.1.5,中山,10,2勝,芝2000m,2026010506010210,4,ジェットブレード,菊沢一樹,45.6,▲,✅,,,,,,,,
2026.1.5,中山,10,2勝,芝2000m,2026010506010210,5,マイネルフォルツァ,野中悠太,27.1,,✅,,,,,,,,
2026.1.5,中山,10,2勝,芝2000m,2026010506010210,6,コスモオピニオン,丹内祐次,47.6,◯,✅,,,,,,,,
2026.1.5,中山,10,2勝,芝2000m,2026010506010210,7,レイヤードレッド,嶋田純次,40.5,×,✅,,,,,,,,
2026.1.5,中山,10,2勝,芝2000m,2026010506010210,8,オメガインペリアル,横山武史,26.2,,✅,,,,,,,,
2026.1.5,中山,10,2勝,芝2000m,2026010506010210,9,アンテロース,吉田隼人,32.8,,✅,,,,,,,,
2026.1.5,中山,10,2勝,芝2000m,2026010506010210,10,ドゥカート,津村明秀,36.2,,✅,,,,,,,,
2026.1.5,中山,10,2勝,芝2000m,2026010506010210,11,タイセイリコルド,戸崎圭太,42.9,△,✅,,,,,,,,
2026.1.5,中山,10,2勝,芝2000m,2026010506010210,12,ヴィブラツィオーネ,木幡巧也,25.8,,✅,,,,,,,,
2026.1.5,中山,11,3勝,芝1200m,2026010506010211,1,ショウナンラスボス,江田照男,36.5,,✅,,,,,,,,
2026.1.5,中山,11,3勝,芝1200m,2026010506010211,2,ダークエクリプス,佐々木大,32.9,,✅,,,,,,,,
2026.1.5,中山,11,3勝,芝1200m,2026010506010211,3,マックアルイーン,戸崎圭太,35.8,,✅,,,,,,,,
2026.1.5,中山,11,3勝,芝1200m,2026010506010211,4,ドーバーホーク,原優介,22.1,,✅,,,,,,,,
2026.1.5,中山,11,3勝,芝1200m,2026010506010211,5,ライクアフラワー,石神深一,40.1,×,✅,,,,,,,,
2026.1.5,中山,11,3勝,芝1200m,2026010506010211,6,アンドアイラヴハー,杉原誠人,61.2,◎,✅,6,1600,6-10,2200,6-10-12 / 6-10-13 / 6-12-13,3300,6-10-12 / 6-12-10 / 10-6-12,2700
2026.1.5,中山,11,3勝,芝1200m,2026010506010211,7,スコーピオン,武藤雅,37.2,,✅,,,,,,,,
2026.1.5,中山,11,3勝,芝1200m,2026010506010211,8,スピードオブライト,菅原明良,27.5,,✅,,,,,,,,
2026.1.5,中山,11,3勝,芝1200m,2026010506010211,9,アシャカタカ,小林美駒,26.7,,✅,,,,,,,,
2026.1.5,中山,11,3勝,芝1200m,2026010506010211,10,レオテミス,津村明秀,60.6,◯,✅,,,,,,,,
2026.1.5,中山,11,3勝,芝1200m,2026010506010211,11,イサチルシーサイド,木幡初也,32.7,,✅,,,,,,,,
2026.1.5,中山,11,3勝,芝1200m,2026010506010211,12,アンビバレント,石川裕紀,56.9,▲,✅,,,,,,,,
2026.1.5,中山,11,3勝,芝1200m,2026010506010211,13,ウインアイオライト,丹内祐次,52.2,△,✅,,,,,,,,
2026.1.5,中山,11,3勝,芝1200m,2026010506010211,14,コスモアディラート,横山武史,27.1,,✅,,,,,,,,
2026.1.5,中山,12,1勝,ダート1200m,2026010506010212,1,ハジメテノチュウ,原優介,22.1,,✅,,,,,,,,
2026.1.5,中山,12,1勝,ダート1200m,2026010506010212,2,フォースミラクル,戸崎圭太,65.5,▲,✅,,,,,,,,
2026.1.5,中山,12,1勝,ダート1200m,2026010506010212,3,ミツカネリブラ,上里直汰,29.9,,✅,,,,,,,,
2026.1.5,中山,12,1勝,ダート1200m,2026010506010212,4,エクストラチャージ,遠藤汰月,35.3,,✅,,,,,,,,
2026.1.5,中山,12,1勝,ダート1200m,2026010506010212,5,カルネヴァーレ,内田博幸,47.7,,✅,,,,,,,,
2026.1.5,中山,12,1勝,ダート1200m,2026010506010212,6,アイスブレイカー,嶋田純次,47.4,,✅,,,,,,,,
2026.1.5,中山,12,1勝,ダート1200m,2026010506010212,7,リッキースタイル,菅原明良,54.1,△,✅,,,,,,,,
2026.1.5,中山,12,1勝,ダート1200m,2026010506010212,8,ルプランドル,石田拓郎,23.3,,✅,,,,,,,,
2026.1.5,中山,12,1勝,ダート1200m,2026010506010212,9,イノキ,丸山元気,46.7,,✅,,,,,,,,
2026.1.5,中山,12,1勝,ダート1200m,2026010506010212,10,ホウオウゴールド,横山和生,52.4,×,✅,,,,,,,,
2026.1.5,中山,12,1勝,ダート1200m,2026010506010212,11,ピコテンダー,津村明秀,72.5,◎,✅,,0,11-13,3900,2-11-13 / 7-11-13 / 2-7-11,3000,11-13-2 / 11-2-13 / 13-11-2,2700
2026.1.5,中山,12,1勝,ダート1200m,2026010506010212,12,ビーコング,小林美駒,43.8,,✅,,,,,,,,
2026.1.5,中山,12,1勝,ダート1200m,2026010506010212,13,ブリングライト,菊沢一樹,70.8,◯,✅,,,,,,,,
2026.1.5,中山,12,1勝,ダート1200m,2026010506010212,14,カツノテンス,松岡正海,38.0,,✅,,,,,,,,
2026.1.5,中山,12,1勝,ダート1200m,2026010506010212,15,ブラックトルネード,長浜鴻緒,29.4,,✅,,,,,,,,
2026.1.5,中山,12,1勝,ダート1200m,2026010506010212,16,アルシミスト,丹内祐次,29.3,,✅,,,,,,,,
2026.1.5,京都,1,未勝利,ダート1800m,2026010508010201,1,プレザントトーン,今村聖奈,42.4,,✅,,,,,,,,
2026.1.5,京都,1,未勝利,ダート1800m,2026010508010201,2,ルパピヨンブラン,古川奈穂,23.4,,✅,,,,,,,,
2026.1.5,京都,1,未勝利,ダート1800m,2026010508010201,3,ブラッドムーン,田山旺佑,28.9,,✅,,,,,,,,
2026.1.5,京都,1,未勝利,ダート1800m,2026010508010201,4,リアライズブルーム,川田将雅,36.6,,✅,,,,,,,,
2026.1.5,京都,1,未勝利,ダート1800m,2026010508010201,5,マチュ,河原田菜,25.1,,✅,,,,,,,,
2026.1.5,京都,1,未勝利,ダート1800m,2026010508010201,6,ジーティービキニ,北村友一,70.0,◎,✅,,0,6-11,2800,6-9-11 / 6-8-11 / 6-8-9,3600,6-11-9 / 6-9-11 / 11-6-9,3300
2026.1.5,京都,1,未勝利,ダート1800m,2026010508010201,7,タガノアルテミス,国分恭介,25.5,,✅,,,,,,,,
2026.1.5,京都,1,未勝利,ダート1800m,2026010508010201,8,ルージュビバーチェ,菱田裕二,52.0,△,✅,,,,,,,,
2026.1.5,京都,1,未勝利,ダート1800m,2026010508010201,9,イルカンダ,小崎綾也,56.9,▲,✅,,,,,,,,
2026.1.5,京都,1,未勝利,ダート1800m,2026010508010201,10,アライブテーラー,川端海翼,22.2,,✅,,,,,,,,
2026.1.5,京都,1,未勝利,ダート1800m,2026010508010201,11,シャフメラン,鮫島克駿,64.2,◯,✅,,,,,,,,
2026.1.5,京都,1,未勝利,ダート1800m,2026010508010201,12,アルムランプシー,秋山稔樹,43.0,,✅,,,,,,,,
2026.1.5,京都,1,未勝利,ダート1800m,2026010508010201,13,エンジェルグラース,永島まな,47.7,×,✅,,,,,,,,
2026.1.5,京都,1,未勝利,ダート1800m,2026010508010201,14,ワイドバヴァール,武豊,45.2,,✅,,,,,,,,
2026.1.5,京都,2,未勝利,ダート1900m,2026010508010202,1,ツーエムアスリート,鮫島克駿,39.8,,✅,,,,,,,,
2026.1.5,京都,2,未勝利,ダート1900m,2026010508010202,2,メイショウハチマキ,川又賢治,49.1,,✅,,,,,,,,
2026.1.5,京都,2,未勝利,ダート1900m,2026010508010202,3,フィサブロス,斎藤新,51.0,,✅,,,,,,,,
2026.1.5,京都,2,未勝利,ダート1900m,2026010508010202,4,クボウサマ,田山旺佑,34.2,,✅,,,,,,,,
2026.1.5,京都,2,未勝利,ダート1900m,2026010508010202,5,ノービレ,西村淳也,51.7,×,✅,,,,,,,,
2026.1.5,京都,2,未勝利,ダート1900m,2026010508010202,6,アルダ,小崎綾也,19.6,,✅,,,,,,,,
2026.1.5,京都,2,未勝利,ダート1900m,2026010508010202,7,ニミッツハイウェイ,和田陽希,24.3,,✅,,,,,,,,
2026.1.5,京都,2,未勝利,ダート1900m,2026010508010202,8,エドウィンナルコ,松山弘平,71.4,◎,✅,,0,8-11,2800,8-11-16 / 8-11-13 / 8-13-16,3600,8-11-16 / 8-16-11 / 11-8-16,3300
2026.1.5,京都,2,未勝利,ダート1900m,2026010508010202,9,アスクチャンスマン,岩田康誠,44.2,,✅,,,,,,,,
2026.1.5,京都,2,未勝利,ダート1900m,2026010508010202,10,トコトコクマチ,菱田裕二,29.3,,✅,,,,,,,,
2026.1.5,京都,2,未勝利,ダート1900m,2026010508010202,11,ガウラディスコ,松若風馬,66.2,◯,✅,,,,,,,,
2026.1.5,京都,2,未勝利,ダート1900m,2026010508010202,12,ベジョータ,西塚洸二,31.4,,✅,,,,,,,,
2026.1.5,京都,2,未勝利,ダート1900m,2026010508010202,13,トゥレネヴェリテ,柴田裕一,53.0,△,✅,,,,,,,,
2026.1.5,京都,2,未勝利,ダート1900m,2026010508010202,14,アクティブヘイロー,藤懸貴志,44.4,,✅,,,,,,,,
2026.1.5,京都,2,未勝利,ダート1900m,2026010508010202,15,カレンショー,北村友一,35.4,,✅,,,,,,,,
2026.1.5,京都,2,未勝利,ダート1900m,2026010508010202,16,テスタヴェローチェ,酒井学,59.1,▲,✅,,,,,,,,
2026.1.5,京都,3,新馬,ダート1200m,2026010508010203,1,マナボニート,松若風馬,58.6,,✅,,,,,,,,
2026.1.5,京都,3,新馬,ダート1200m,2026010508010203,2,サウンドジュテ,松山弘平,60.6,×,✅,,,,,,,,
2026.1.5,京都,3,新馬,ダート1200m,2026010508010203,3,ローメット,今村聖奈,56.5,,✅,,,,,,,,
2026.1.5,京都,3,新馬,ダート1200m,2026010508010203,4,ウルダ,城戸義政,61.4,▲,✅,,,,,,,,
2026.1.5,京都,3,新馬,ダート1200m,2026010508010203,5,マルカスマッシュ,小沢大仁,56.7,,✅,,,,,,,,
2026.1.5,京都,3,新馬,ダート1200m,2026010508010203,6,タイセイフリーデン,田口貫太,56.3,,✅,,,,,,,,
2026.1.5,京都,3,新馬,ダート1200m,2026010508010203,7,ガビーズデトワール,鮫島克駿,57.1,,✅,,,,,,,,
2026.1.5,京都,3,新馬,ダート1200m,2026010508010203,8,ウェルカムソング,岩田望来,56.7,,✅,,,,,,,,
2026.1.5,京都,3,新馬,ダート1200m,2026010508010203,9,モンターニュドネガ,大久保友,60.8,△,✅,,,,,,,,
2026.1.5,京都,3,新馬,ダート1200m,2026010508010203,10,ヤスナ,菱田裕二,57.7,,✅,,,,,,,,
2026.1.5,京都,3,新馬,ダート1200m,2026010508010203,11,エンドレスクライ,西村淳也,55.5,,✅,,,,,,,,
2026.1.5,京都,3,新馬,ダート1200m,2026010508010203,12,ハギノクリーガー,藤懸貴志,56.8,,✅,,,,,,,,
2026.1.5,京都,3,新馬,ダート1200m,2026010508010203,13,スマートレイナ,吉村誠之,65.7,◎,✅,13,1200,13-14,2100,4-13-14 / 9-13-14 / 4-9-13,3300,13-14-4 / 13-4-14 / 14-13-4,3000
2026.1.5,京都,3,新馬,ダート1200m,2026010508010203,14,サンミスメロディ,秋山稔樹,64.8,◯,✅,,,,,,,,
2026.1.5,京都,4,1勝,ダート1800m,2026010508010204,1,リピース,荻野極,19.8,,✅,,,,,,,,
2026.1.5,京都,4,1勝,ダート1800m,2026010508010204,2,リヒトミューレ,ハマーハ,29.0,,✅,,,,,,,,
2026.1.5,京都,4,1勝,ダート1800m,2026010508010204,3,ディーリライズ,酒井学,45.0,,✅,,,,,,,,
2026.1.5,京都,4,1勝,ダート1800m,2026010508010204,4,オラヴィンリンナ,北村友一,47.5,△,✅,,,,,,,,
2026.1.5,京都,4,1勝,ダート1800m,2026010508010204,5,ケンタッキーホーム,松山弘平,40.1,,✅,,,,,,,,
2026.1.5,京都,4,1勝,ダート1800m,2026010508010204,6,ヘルメスギャング,今村聖奈,43.7,,✅,,,,,,,,
2026.1.5,京都,4,1勝,ダート1800m,2026010508010204,7,デールエルバハリ,鮫島克駿,33.5,,✅,,,,,,,,
2026.1.5,京都,4,1勝,ダート1800m,2026010508010204,8,メルカントゥール,坂井瑠星,51.4,▲,✅,,,,,,,,
2026.1.5,京都,4,1勝,ダート1800m,2026010508010204,9,テイエムサンレーヴ,鮫島良太,46.5,×,✅,,,,,,,,
2026.1.5,京都,4,1勝,ダート1800m,2026010508010204,10,スカイストライプス,川田将雅,56.5,◯,✅,,,,,,,,
2026.1.5,京都,4,1勝,ダート1800m,2026010508010204,11,シーズザスローン,武豊,58.8,◎,✅,11,3300,10-11,3100,8-10-11 / 4-10-11 / 4-8-11,3300,,0
2026.1.5,京都,5,未勝利,芝2000m,2026010508010205,1,マイネルシュラハト,小崎綾也,23.6,,✅,,,,,,,,
2026.1.5,京都,5,未勝利,芝2000m,2026010508010205,2,タガノアルトゥーラ,吉村誠之,64.2,△,✅,,,,,,,,
2026.1.5,京都,5,未勝利,芝2000m,2026010508010205,3,マサノハヤブサ,和田陽希,19.2,,✅,,,,,,,,
2026.1.5,京都,5,未勝利,芝2000m,2026010508010205,4,ノートルダム,古川奈穂,35.9,,✅,,,,,,,,
2026.1.5,京都,5,未勝利,芝2000m,2026010508010205,5,ヨッシーリオ,和田竜二,51.7,,✅,,,,,,,,
2026.1.5,京都,5,未勝利,芝2000m,2026010508010205,6,コティノス,西村淳也,55.4,,✅,,,,,,,,
2026.1.5,京都,5,未勝利,芝2000m,2026010508010205,7,ショウナンカルメラ,荻野極,31.2,,✅,,,,,,,,
2026.1.5,京都,5,未勝利,芝2000m,2026010508010205,8,グリーンゴー,池添謙一,43.3,,✅,,,,,,,,
2026.1.5,京都,5,未勝利,芝2000m,2026010508010205,9,アメジストロード,田山旺佑,26.4,,✅,,,,,,,,
2026.1.5,京都,5,未勝利,芝2000m,2026010508010205,10,オンザムービー,松若風馬,33.1,,✅,,,,,,,,
2026.1.5,京都,5,未勝利,芝2000m,2026010508010205,11,マーズローバー,鮫島克駿,52.6,,✅,,,,,,,,
2026.1.5,京都,5,未勝利,芝2000m,2026010508010205,12,アウェイクネス,高杉吏麒,55.5,×,✅,,,,,,,,
2026.1.5,京都,5,未勝利,芝2000m,2026010508010205,13,インナーヴォイス,ハマーハ,71.2,◯,✅,,,,,,,,
2026.1.5,京都,5,未勝利,芝2000m,2026010508010205,14,コスモグロボーサ,国分優作,35.5,,✅,,,,,,,,
2026.1.5,京都,5,未勝利,芝2000m,2026010508010205,15,アルペングロー,北村友一,68.5,▲,✅,,,,,,,,
2026.1.5,京都,5,未勝利,芝2000m,2026010508010205,16,サイモンシャリオ,松山弘平,71.6,◎,✅,,0,13-16,2800,13-15-16 / 2-13-16 / 2-15-16,3600,16-13-15 / 16-15-13 / 13-16-15,3300
2026.1.5,京都,5,未勝利,芝2000m,2026010508010205,17,コスモブラック,武豊,46.1,,✅,,,,,,,,
2026.1.5,京都,6,未勝利,芝1600m,2026010508010206,1,ジェイパック,鮫島克駿,19.9,,✅,,,,,,,,
2026.1.5,京都,6,未勝利,芝1600m,2026010508010206,2,カルロット,武豊,64.6,△,✅,,,,,,,,
2026.1.5,京都,6,未勝利,芝1600m,2026010508010206,3,エアヴァイブス,高杉吏麒,27.5,,✅,,,,,,,,
2026.1.5,京都,6,未勝利,芝1600m,2026010508010206,4,ヒバリノコ,亀田温心,32.8,,✅,,,,,,,,
2026.1.5,京都,6,未勝利,芝1600m,2026010508010206,5,チュウワメロディー,松山弘平,66.4,▲,✅,,,,,,,,
2026.1.5,京都,6,未勝利,芝1600m,2026010508010206,6,ベルサンローラン,吉村誠之,60.9,×,✅,,,,,,,,
2026.1.5,京都,6,未勝利,芝1600m,2026010508010206,7,ギフテッドスペック,秋山稔樹,51.2,,✅,,,,,,,,
2026.1.5,京都,6,未勝利,芝1600m,2026010508010206,8,エンジェルボイス,荻野極,37.9,,✅,,,,,,,,
2026.1.5,京都,6,未勝利,芝1600m,2026010508010206,9,マテンロウブリッジ,横山典弘,32.8,,✅,,,,,,,,
2026.1.5,京都,6,未勝利,芝1600m,2026010508010206,10,テイエムプレミラン,酒井学,30.3,,✅,,,,,,,,
2026.1.5,京都,6,未勝利,芝1600m,2026010508010206,11,テーオーカイザー,岩田望来,74.5,◎,✅,,0,11-12,2800,5-11-12 / 2-11-12 / 2-5-11,3600,11-12-5 / 11-5-12 / 12-11-5,3300
2026.1.5,京都,6,未勝利,芝1600m,2026010508010206,12,リアンマヒナ,坂井瑠星,69.8,◯,✅,,,,,,,,
2026.1.5,京都,6,未勝利,芝1600m,2026010508010206,13,ジーティーアリア,北村友一,60.7,,✅,,,,,,,,
2026.1.5,京都,6,未勝利,芝1600m,2026010508010206,14,メイショウケンゴウ,松若風馬,35.5,,✅,,,,,,,,
2026.1.5,京都,6,未勝利,芝1600m,2026010508010206,15,シンゼンイセ,団野大成,44.0,,✅,,,,,,,,
2026.1.5,京都,7,1勝,ダート1800m,2026010508010207,1,エコロスパーダ,和田陽希,61.9,◎,✅,1,3300,1-5,3100,1-5-14 / 1-5-12 / 1-12-14,3300,,0
2026.1.5,京都,7,1勝,ダート1800m,2026010508010207,2,エンマ,高倉稜,33.6,,✅,,,,,,,,
2026.1.5,京都,7,1勝,ダート1800m,2026010508010207,3,アスクガンバーレ,岩田康誠,43.4,,✅,,,,,,,,
2026.1.5,京都,7,1勝,ダート1800m,2026010508010207,4,ジョードリウム,吉村誠之,39.1,,✅,,,,,,,,
2026.1.5,京都,7,1勝,ダート1800m,2026010508010207,5,トモジャザーン,国分優作,59.2,◯,✅,,,,,,,,
2026.1.5,京都,7,1勝,ダート1800m,2026010508010207,6,ジーティーパワー,岩田望来,26.9,,✅,,,,,,,,
2026.1.5,京都,7,1勝,ダート1800m,2026010508010207,7,ララマルシュドロワ,中井裕二,38.7,,✅,,,,,,,,
2026.1.5,京都,7,1勝,ダート1800m,2026010508010207,8,モズプリヴェール,松山弘平,36.9,,✅,,,,,,,,
2026.1.5,京都,7,1勝,ダート1800m,2026010508010207,9,アークドール,武豊,39.2,,✅,,,,,,,,
2026.1.5,京都,7,1勝,ダート1800m,2026010508010207,10,ハイクオリティ,荻野極,43.1,,✅,,,,,,,,
2026.1.5,京都,7,1勝,ダート1800m,2026010508010207,11,ワイドクリーガー,団野大成,46.5,×,✅,,,,,,,,
2026.1.5,京都,7,1勝,ダート1800m,2026010508010207,12,プロスペクト,鮫島克駿,47.3,△,✅,,,,,,,,
2026.1.5,京都,7,1勝,ダート1800m,2026010508010207,13,ルクスフレンジー,酒井学,43.1,,✅,,,,,,,,
2026.1.5,京都,7,1勝,ダート1800m,2026010508010207,14,サラコスティ,北村友一,57.0,▲,✅,,,,,,,,
2026.1.5,京都,7,1勝,ダート1800m,2026010508010207,15,ステイクオール,高杉吏麒,43.1,,✅,,,,,,,,
2026.1.5,京都,8,2勝,ダート1200m,2026010508010208,1,エコロネオ,団野大成,65.2,▲,✅,,,,,,,,
2026.1.5,京都,8,2勝,ダート1200m,2026010508010208,2,プロテア,森田誠也,27.6,,✅,,,,,,,,
2026.1.5,京都,8,2勝,ダート1200m,2026010508010208,3,カワキタマナレア,北村友一,45.7,,✅,,,,,,,,
2026.1.5,京都,8,2勝,ダート1200m,2026010508010208,4,フェデラー,武豊,53.1,,✅,,,,,,,,
2026.1.5,京都,8,2勝,ダート1200m,2026010508010208,5,マイネルフォーコン,松山弘平,52.8,,✅,,,,,,,,
2026.1.5,京都,8,2勝,ダート1200m,2026010508010208,6,イリフィ,西村淳也,62.1,,✅,,,,,,,,
2026.1.5,京都,8,2勝,ダート1200m,2026010508010208,7,ストラテージュ,古川奈穂,60.7,,✅,,,,,,,,
2026.1.5,京都,8,2勝,ダート1200m,2026010508010208,8,ノビル,川端海翼,62.5,×,✅,,,,,,,,
2026.1.5,京都,8,2勝,ダート1200m,2026010508010208,9,プレアデスグループ,田山旺佑,52.6,,✅,,,,,,,,
2026.1.5,京都,8,2勝,ダート1200m,2026010508010208,10,ペプチドクレマチス,岩田望来,27.6,,✅,,,,,,,,
2026.1.5,京都,8,2勝,ダート1200m,2026010508010208,11,ミッキーマカパ,舟山瑠泉,63.3,△,✅,,,,,,,,
2026.1.5,京都,8,2勝,ダート1200m,2026010508010208,12,エンプレスペイ,国分優作,33.3,,✅,,,,,,,,
2026.1.5,京都,8,2勝,ダート1200m,2026010508010208,13,フェリ,藤懸貴志,46.6,,✅,,,,,,,,
2026.1.5,京都,8,2勝,ダート1200m,2026010508010208,14,ヴリトラハン,高杉吏麒,71.7,◎,✅,14,1900,14-15,2200,1-14-15 / 11-14-15 / 1-11-14,3000,14-15-1 / 14-1-15 / 15-14-1,2400
2026.1.5,京都,8,2勝,ダート1200m,2026010508010208,15,スペシャルナンバー,鮫島克駿,67.1,◯,✅,,,,,,,,
2026.1.5,京都,9,2勝,芝1800m,2026010508010209,1,コスモアンソロジー,坂井瑠星,53.7,△,✅,,,,,,,,
2026.1.5,京都,9,2勝,芝1800m,2026010508010209,2,ザブライド,鮫島克駿,18.9,,✅,,,,,,,,
2026.1.5,京都,9,2勝,芝1800m,2026010508010209,3,チェルノボーグ,西塚洸二,41.6,,✅,,,,,,,,
2026.1.5,京都,9,2勝,芝1800m,2026010508010209,4,ナイトスラッガー,川田将雅,57.8,◯,✅,,,,,,,,
2026.1.5,京都,9,2勝,芝1800m,2026010508010209,5,ミカエルパシャ,松山弘平,33.4,,✅,,,,,,,,
2026.1.5,京都,9,2勝,芝1800m,2026010508010209,6,レディーミコノス,岩田望来,49.2,,✅,,,,,,,,
2026.1.5,京都,9,2勝,芝1800m,2026010508010209,7,ガストン,斎藤新,24.4,,✅,,,,,,,,
2026.1.5,京都,9,2勝,芝1800m,2026010508010209,8,ウォータークラーク,武豊,54.9,▲,✅,,,,,,,,
2026.1.5,京都,9,2勝,芝1800m,2026010508010209,9,ウィルサヴァイブ,団野大成,62.0,◎,✅,9,1900,4-9,2200,4-8-9 / 1-4-9 / 1-8-9,3000,9-4-8 / 9-8-4 / 4-9-8,2400
2026.1.5,京都,9,2勝,芝1800m,2026010508010209,10,モアリジット,古川奈穂,44.1,,✅,,,,,,,,
2026.1.5,京都,9,2勝,芝1800m,2026010508010209,11,レッセパッセ,ハマーハ,50.2,×,✅,,,,,,,,
2026.1.5,京都,10,3勝,ダート1200m,2026010508010210,1,テイエムタリスマ,斎藤新,34.1,,✅,,,,,,,,
2026.1.5,京都,10,3勝,ダート1200m,2026010508010210,2,ナスノカンゲツ,田口貫太,30.6,,✅,,,,,,,,
2026.1.5,京都,10,3勝,ダート1200m,2026010508010210,3,ツークフォーゲル,古川吉洋,27.4,,✅,,,,,,,,
2026.1.5,京都,10,3勝,ダート1200m,2026010508010210,4,ジェネラーレ,岩田望来,73.4,◎,✅,4,4000,4-7,5900,,0,,0
2026.1.5,京都,10,3勝,ダート1200m,2026010508010210,5,ペイシャモノノフ,国分優作,39.5,,✅,,,,,,,,
2026.1.5,京都,10,3勝,ダート1200m,2026010508010210,6,エンヤラヴフェイス,団野大成,55.9,,✅,,,,,,,,
2026.1.5,京都,10,3勝,ダート1200m,2026010508010210,7,パドマ,松若風馬,71.1,◯,✅,,,,,,,,
2026.1.5,京都,10,3勝,ダート1200m,2026010508010210,8,ショウナンアビアス,松山弘平,47.0,,✅,,,,,,,,
2026.1.5,京都,10,3勝,ダート1200m,2026010508010210,9,タカネノハナコサン,高杉吏麒,49.1,,✅,,,,,,,,
2026.1.5,京都,10,3勝,ダート1200m,2026010508010210,10,イミュータブル,池添謙一,27.8,,✅,,,,,,,,
2026.1.5,京都,10,3勝,ダート1200m,2026010508010210,11,ヒルノドゴール,武豊,60.8,,✅,,,,,,,,
2026.1.5,京都,10,3勝,ダート1200m,2026010508010210,12,ルディック,西村淳也,70.4,▲,✅,,,,,,,,
2026.1.5,京都,10,3勝,ダート1200m,2026010508010210,13,メイショウヤーキス,菱田裕二,70.2,△,✅,,,,,,,,
2026.1.5,京都,10,3勝,ダート1200m,2026010508010210,14,ゼットエール,松本大輝,68.6,×,✅,,,,,,,,
2026.1.5,京都,10,3勝,ダート1200m,2026010508010210,15,メイショウタイゲイ,和田竜二,41.0,,✅,,,,,,,,
2026.1.5,京都,10,3勝,ダート1200m,2026010508010210,16,ウナギノボリ,吉村誠之,41.9,,✅,,,,,,,,
2026.1.5,京都,11,ｵｰﾌﾟﾝ,芝3000m,2026010508010211,1,ウェイビー,藤懸貴志,28.3,,✅,,,,,,,,
2026.1.5,京都,11,ｵｰﾌﾟﾝ,芝3000m,2026010508010211,2,ブレイヴロッカー,太宰啓介,57.9,◯,✅,,,,,,,,
2026.1.5,京都,11,ｵｰﾌﾟﾝ,芝3000m,2026010508010211,3,アスクドゥポルテ,西塚洸二,34.0,△,✅,,,,,,,,
2026.1.5,京都,11,ｵｰﾌﾟﾝ,芝3000m,2026010508010211,4,メイショウブレゲ,酒井学,28.8,,✅,,,,,,,,
2026.1.5,京都,11,ｵｰﾌﾟﾝ,芝3000m,2026010508010211,5,アクアヴァーナル,坂井瑠星,60.5,◎,✅,5,2600,2-5,3700,,0,5-2-9 / 5-9-2 / 2-5-9,3600
2026.1.5,京都,11,ｵｰﾌﾟﾝ,芝3000m,2026010508010211,6,ダンディズム,富田暁,19.5,,✅,,,,,,,,
2026.1.5,京都,11,ｵｰﾌﾟﾝ,芝3000m,2026010508010211,7,ミクソロジー,鮫島克駿,26.8,,✅,,,,,,,,
2026.1.5,京都,11,ｵｰﾌﾟﾝ,芝3000m,2026010508010211,8,ペプチドソレイユ,古川吉洋,32.8,×,✅,,,,,,,,
2026.1.5,京都,11,ｵｰﾌﾟﾝ,芝3000m,2026010508010211,9,ヴォランテ,吉村誠之,51.3,▲,✅,,,,,,,,
2026.1.5,京都,12,1勝,芝1600m,2026010508010212,1,ロンティケチャップ,鮫島克駿,30.0,,✅,,,,,,,,
2026.1.5,京都,12,1勝,芝1600m,2026010508010212,2,リアルフォルゴーレ,田口貫太,34.7,,✅,,,,,,,,
2026.1.5,京都,12,1勝,芝1600m,2026010508010212,3,ランスオブプライム,田山旺佑,30.2,,✅,,,,,,,,
2026.1.5,京都,12,1勝,芝1600m,2026010508010212,4,ピエタンツァ,武豊,45.6,×,✅,,,,,,,,
2026.1.5,京都,12,1勝,芝1600m,2026010508010212,5,サリーチェ,西村淳也,40.3,,✅,,,,,,,,
2026.1.5,京都,12,1勝,芝1600m,2026010508010212,6,メイショウタクボク,長岡禎仁,25.9,,✅,,,,,,,,
2026.1.5,京都,12,1勝,芝1600m,2026010508010212,7,ベイリークロア,ハマーハ,43.8,,✅,,,,,,,,
2026.1.5,京都,12,1勝,芝1600m,2026010508010212,8,ムーンライトラガー,荻野琢真,40.2,,✅,,,,,,,,
2026.1.5,京都,12,1勝,芝1600m,2026010508010212,9,ニシノイツキムスメ,和田竜二,44.2,,✅,,,,,,,,
2026.1.5,京都,12,1勝,芝1600m,2026010508010212,10,レッドフェルメール,川田将雅,48.5,△,✅,,,,,,,,
2026.1.5,京都,12,1勝,芝1600m,2026010508010212,11,サンタンカ,岩田望来,53.4,▲,✅,,,,,,,,
2026.1.5,京都,12,1勝,芝1600m,2026010508010212,12,テンクウハット,太宰啓介,33.1,,✅,,,,,,,,
2026.1.5,京都,12,1勝,芝1600m,2026010508010212,13,ビーグラッド,池添謙一,44.9,,✅,,,,,,,,
2026.1.5,京都,12,1勝,芝1600m,2026010508010212,14,カウンティフェア,永島まな,67.3,◯,✅,,,,,,,,
2026.1.5,京都,12,1勝,芝1600m,2026010508010212,15,ショウナンラウール,荻野極,70.6,◎,✅,15,3300,14-15,3100,11-14-15 / 10-14-15 / 10-11-15,3300,,0
