レースID(新),日付S,曜日,場所,開催,R,レース名,クラス名,芝・ダート,距離,コース区分,コーナー回数,馬場状態(暫定),天候(暫定),フルゲート頭数,発走時刻,性別限定,重量種別,年齢限定
2026030806020401,2026.3.8,日,中山,2中4,1,,未勝利,ダート,1800,,4,稍,晴,16,10:05,牝,馬齢,３歳
枠番,B,番,印,M2,M3,M4,馬名S,Ｃ,性別,年齢,間隔,月,日,場所,TD,距離,馬場状態,着順,人気,ﾚｰｽ名･1走前,上り3F,決手,前走間隔,月,日,場所,TD,距離,馬場状態,着順,人気,ﾚｰｽ名･2走前,上り3F,決手,前走間隔,月,日,場所,TD,距離,馬場状態,着順,人気,ﾚｰｽ名･3走前,上り3F,決手,前走間隔,月,日,場所,TD,距離,馬場状態,着順,人気,ﾚｰｽ名･4走前,上り3F,決手,前走間隔,月,日,場所,TD,距離,馬場状態,着順,人気,ﾚｰｽ名･5走前,上り3F,決手,前走間隔
1,,1,,,,,カリドーラ,,牝,3,2,2,22,東京,T,1800,良,4,10,未勝利,34.5,先行,10,12,14,中山,T,2000,稍,14,8,未勝利*,38.0,中団,11,9,28,中山,T,2000,良,4,6,未勝利*,34.5,先行,7,8,10,新潟,T,1800,稍,7,7,新馬,33.9,中団,初,,,,,,,,,,,,
1,,2,,,,,クイーンアン,,牝,3,7,1,17,中山,T,2000,良,14,6,未勝利,36.6,先行,4,12,20,中山,T,1800,良,3,5,新馬・牝,34.9,先行,初,,,,,,,,,,,,,,,,,,,,,,,,,,,,,,,,,,,,
2,,3,,,,,スタートオブシー,,牝,3,初,,,,,,,,,,,,,,,,,,,,,,,,,,,,,,,,,,,,,,,,,,,,,,,,,,,,,,,,,,,,
2,,4,,,,,サーロー,,牝,3,17,11,8,東京,D,1600,良,5,6,未勝利・牝*,38.2,中団,2,10,25,東京,D,1400,稍,11,12,新馬,37.0,後方,初,,,,,,,,,,,,,,,,,,,,,,,,,,,,,,,,,,,,
3,,5,,,,,マコトアタキギリ,,牝,3,15,11,23,東京,D,1300,良,11,12,未勝利*,36.8,後方,2,11,8,東京,T,1400,良,11,11,新馬,34.2,後方,初,,,,,,,,,,,,,,,,,,,,,,,,,,,,,,,,,,,,
3,,6,,,,,ペカリーナ,,牝,3,8,1,11,中山,D,1800,良,9,10,未勝利・牝,40.4,後方,2,12,27,中山,T,1600,良,14,16,新馬,36.1,後方,初,,,,,,,,,,,,,,,,,,,,,,,,,,,,,,,,,,,,
4,,7,,,,,アンジュレーヌ,,牝,3,8,1,10,中山,D,1800,良,2,8,新馬・牝,41.3,逃げ,初,,,,,,,,,,,,,,,,,,,,,,,,,,,,,,,,,,,,,,,,,,,,,,,,
4,,8,,,,,スターキャンディ,,牝,3,初,,,,,,,,,,,,,,,,,,,,,,,,,,,,,,,,,,,,,,,,,,,,,,,,,,,,,,,,,,,,
5,B,9,,,,,パルミエ,,牝,3,9,1,5,中山,D,1800,稍,5,5,未勝利・牝,40.6,中団,7,11,15,福島,T,2000,良,13,12,新馬,36.7,後方,初,,,,,,,,,,,,,,,,,,,,,,,,,,,,,,,,,,,,
5,,10,,,,,リベルタアーラ,,牝,3,11,12,20,中山,T,1800,良,8,10,新馬・牝,35.3,中団,初,,,,,,,,,,,,,,,,,,,,,,,,,,,,,,,,,,,,,,,,,,,,,,,,
6,B,11,,,,,ルミテュット,,牝,3,9,1,5,中山,D,1800,稍,3,1,未勝利・牝,41.4,先行,8,11,8,東京,D,1600,良,3,3,未勝利・牝*,38.0,先行,9,9,7,中山,D,1800,良,12,2,新馬,41.6,後方,初,,,,,,,,,,,,,,,,,,,,,,,,
6,,12,,,,,ペタルズダンス,,牝,3,16,11,16,東京,D,1600,良,11,4,新馬,37.7,後方,初,,,,,,,,,,,,,,,,,,,,,,,,,,,,,,,,,,,,,,,,,,,,,,,,
7,,13,,,,,トランセンコ,,牝,3,17,11,8,東京,D,1600,良,8,10,未勝利・牝*,38.5,後方,2,10,26,東京,T,1800,稍,13,16,新馬,34.7,後方,初,,,,,,,,,,,,,,,,,,,,,,,,,,,,,,,,,,,,
7,,14,,,,,キタノエピックアン,,牝,3,4,2,10,東京,D,1600,稍,3,6,未勝利・牝,37.7,差し,2,1,25,中山,D,1800,良,2,10,未勝利・牝,40.1,先行,4,12,28,中山,D,1800,良,6,15,新馬,41.6,中団,初,,,,,,,,,,,,,,,,,,,,,,,,
8,,15,,,,,セニング,,牝,3,15,11,24,東京,D,1600,良,5,11,未勝利*,37.9,中団,2,11,8,東京,D,1600,良,7,11,未勝利・牝*,38.8,中団,18,7,5,福島,T,1800,稍,8,8,未勝利*,38.7,後方,3,6,14,東京,T,1600,良,11,11,新馬・牝,36.9,先行,初,,,,,,,,,,,,
8,,16,,,,,ステイグローリアス,,牝,3,初,,,,,,,,,,,,,,,,,,,,,,,,,,,,,,,,,,,,,,,,,,,,,,,,,,,,,,,,,,,,
レースID(新),日付S,曜日,場所,開催,R,レース名,クラス名,芝・ダート,距離,コース区分,コーナー回数,馬場状態(暫定),天候(暫定),フルゲート頭数,発走時刻,性別限定,重量種別,年齢限定
2026030806020402,2026.3.8,日,中山,2中4,2,,未勝利,ダート,1200,,2,稍,晴,16,10:35,,馬齢,３歳
枠番,B,番,印,M2,M3,M4,馬名S,Ｃ,性別,年齢,間隔,月,日,場所,TD,距離,馬場状態,着順,人気,ﾚｰｽ名･1走前,上り3F,決手,前走間隔,月,日,場所,TD,距離,馬場状態,着順,人気,ﾚｰｽ名･2走前,上り3F,決手,前走間隔,月,日,場所,TD,距離,馬場状態,着順,人気,ﾚｰｽ名･3走前,上り3F,決手,前走間隔,月,日,場所,TD,距離,馬場状態,着順,人気,ﾚｰｽ名･4走前,上り3F,決手,前走間隔,月,日,場所,TD,距離,馬場状態,着順,人気,ﾚｰｽ名･5走前,上り3F,決手,前走間隔
1,B,1,,,,,クアラトレンガヌ,,牡,3,17,11,8,東京,D,1300,良,14,11,未勝利*,39.5,中団,2,10,26,東京,T,1400,稍,15,16,新馬,34.2,後方,初,,,,,,,,,,,,,,,,,,,,,,,,,,,,,,,,,,,,
1,,2,,,,,ベアフォースワン,,牡,3,10,12,28,中山,D,1200,良,15,16,未勝利*,41.1,中団,3,12,7,中山,D,1200,良,9,13,未勝利*,38.8,中団,4,11,8,東京,D,1300,良,7,10,新馬,37.2,中団,初,,,,,,,,,,,,,,,,,,,,,,,,
2,,3,,,,,ライカ,,牡,3,3,2,14,東京,D,1400,良,4,7,未勝利,37.4,差し,2,1,31,東京,D,1600,良,4,7,未勝利,37.6,差し,5,12,27,中山,D,1800,稍,7,9,未勝利*,40.0,中団,4,11,29,東京,D,1600,良,7,5,未勝利*,38.8,先行,2,11,15,東京,D,1600,良,2,10,未勝利*,37.2,差し,18
2,,4,,,,,アミナス,,牡,3,12,12,13,中山,D,1800,良,8,7,未勝利*,40.4,先行,3,11,24,東京,D,1600,良,9,5,未勝利*,38.3,中団,2,11,8,東京,T,1800,良,11,7,新馬,35.7,逃げ,初,,,,,,,,,,,,,,,,,,,,,,,,
3,,5,,,,,セキテイロックス,,牡,3,12,12,14,中山,D,1200,稍,10,9,新馬,37.3,後方,初,,,,,,,,,,,,,,,,,,,,,,,,,,,,,,,,,,,,,,,,,,,,,,,,
3,,6,,,,,ヘリオドール,,牝,3,12,12,14,中山,T,1200,良,13,10,未勝利*,36.8,中団,9,10,13,東京,T,1600,良,10,14,新馬・牝,36.5,逃げ,初,,,,,,,,,,,,,,,,,,,,,,,,,,,,,,,,,,,,
4,,7,,,,,デアプリームス,,牝,3,3,2,15,京都,D,1400,良,3,7,未勝利,38.9,先行,3,1,24,小倉,T,2000,良,10,9,新馬,35.0,中団,初,,,,,,,,,,,,,,,,,,,,,,,,,,,,,,,,,,,,
4,,8,,,,,マメーアップル,,牝,3,9,1,4,中山,D,1200,稍,7,3,未勝利・牝,40.1,先行,3,12,13,中山,D,1200,良,2,6,未勝利・牝*,39.3,先行,8,10,18,新潟,D,1200,良,7,7,新馬,38.5,先行,初,,,,,,,,,,,,,,,,,,,,,,,,
5,,9,,,,,アイビーキラリ,,牝,3,11,12,20,中山,D,1200,良,14,12,未勝利*,39.5,中団,8,10,26,新潟,T,1600,稍,13,15,新馬,34.5,後方,初,,,,,,,,,,,,,,,,,,,,,,,,,,,,,,,,,,,,
5,,10,,,,,スナップジジ,,牡,3,9,1,4,中山,D,1200,稍,7,11,新馬,40.5,逃げ,初,,,,,,,,,,,,,,,,,,,,,,,,,,,,,,,,,,,,,,,,,,,,,,,,
6,,11,,,,,サリーアン,,牡,3,4,2,7,東京,D,1300,良,4,13,未勝利,37.2,追込,4,1,11,中山,D,1200,良,4,12,未勝利,37.6,追込,11,10,25,東京,D,1400,稍,12,8,新馬,38.2,中団,初,,,,,,,,,,,,,,,,,,,,,,,,
6,,12,,,,,ツクバヴァンガード,,牡,3,3,2,14,東京,D,1400,良,3,6,未勝利,37.4,先行,4,1,18,中山,D,1200,良,4,4,未勝利,40.2,逃げ,16,9,28,中山,D,1200,良,3,7,新馬,38.0,先行,初,,,,,,,,,,,,,,,,,,,,,,,,
7,,13,,,,,ハクサンスオーノ,,牡,3,初,,,,,,,,,,,,,,,,,,,,,,,,,,,,,,,,,,,,,,,,,,,,,,,,,,,,,,,,,,,,
7,,14,,,,,ジェイエルサーベイ,,牡,3,初,,,,,,,,,,,,,,,,,,,,,,,,,,,,,,,,,,,,,,,,,,,,,,,,,,,,,,,,,,,,
8,,15,,,,,ベルオーシャン,,牝,3,10,12,27,中山,D,1200,稍,5,7,未勝利・牝*,38.2,中団,10,10,19,新潟,T,1400,稍,3,14,新馬,36.2,先行,初,,,,,,,,,,,,,,,,,,,,,,,,,,,,,,,,,,,,
8,,16,,,,,アイアンクラッド,,牡,3,10,12,27,中山,D,1200,稍,8,3,新馬,39.3,先行,初,,,,,,,,,,,,,,,,,,,,,,,,,,,,,,,,,,,,,,,,,,,,,,,,
レースID(新),日付S,曜日,場所,開催,R,レース名,クラス名,芝・ダート,距離,コース区分,コーナー回数,馬場状態(暫定),天候(暫定),フルゲート頭数,発走時刻,性別限定,重量種別,年齢限定
2026030806020403,2026.3.8,日,中山,2中4,3,,未勝利,ダート,1800,,4,稍,晴,16,11:05,,馬齢,３歳
枠番,B,番,印,M2,M3,M4,馬名S,Ｃ,性別,年齢,間隔,月,日,場所,TD,距離,馬場状態,着順,人気,ﾚｰｽ名･1走前,上り3F,決手,前走間隔,月,日,場所,TD,距離,馬場状態,着順,人気,ﾚｰｽ名･2走前,上り3F,決手,前走間隔,月,日,場所,TD,距離,馬場状態,着順,人気,ﾚｰｽ名･3走前,上り3F,決手,前走間隔,月,日,場所,TD,距離,馬場状態,着順,人気,ﾚｰｽ名･4走前,上り3F,決手,前走間隔,月,日,場所,TD,距離,馬場状態,着順,人気,ﾚｰｽ名･5走前,上り3F,決手,前走間隔
1,,1,,,,,アイムスティルミー,,セ,3,3,2,15,東京,D,2100,良,2,9,未勝利,37.8,差し,3,1,24,小倉,T,1800,良,16,12,未勝利,37.6,後方,11,11,9,東京,T,1800,良,11,10,未勝利*,36.6,中団,5,10,4,東京,T,2000,良,5,7,未勝利*,35.5,逃げ,3,9,15,中山,T,1800,良,6,6,未勝利*,35.3,先行,6
2,,2,,,,,マイネルゼーロス,,牡,3,4,2,8,小倉,D,1700,良,2,9,未勝利,40.6,先行,連,2,1,小倉,D,1700,良,5,7,未勝利,39.3,中団,4,1,5,中山,T,2000,良,11,15,未勝利,36.9,先行,11,10,18,新潟,T,1600,良,7,7,未勝利*,34.1,後方,4,9,21,中山,T,1800,良,5,3,未勝利*,36.2,先行,2
3,,3,,,,,ラッキースウィッチ,,牡,3,10,12,27,中山,T,2000,良,11,8,未勝利*,37.2,先行,2,12,14,中山,T,2000,稍,2,13,未勝利*,36.9,先行,12,9,21,中山,T,2000,良,9,5,新馬,35.8,中団,初,,,,,,,,,,,,,,,,,,,,,,,,
3,,4,,,,,カスターニエ,,牝,3,5,2,1,東京,D,1600,良,9,12,未勝利・牝,38.4,後方,5,12,27,中山,D,1200,稍,16,11,未勝利*,41.4,後方,4,11,29,東京,D,1400,良,9,8,新馬,38.4,後方,初,,,,,,,,,,,,,,,,,,,,,,,,
4,,5,,,,,グランフィエスタ,,牡,3,2,2,22,東京,T,1800,良,16,12,未勝利,34.5,後方,初,,,,,,,,,,,,,,,,,,,,,,,,,,,,,,,,,,,,,,,,,,,,,,,,
4,,6,,,,,ゲンパチミスティ,,牝,3,6,1,25,中山,D,1800,良,9,14,未勝利・牝,42.6,中団,連,1,18,中山,D,1800,良,11,15,未勝利・牝,42.4,後方,12,10,26,東京,T,1800,稍,16,12,新馬,36.8,後方,初,,,,,,,,,,,,,,,,,,,,,,,,
5,,7,,,,,アルファマリブ,,牡,3,初,,,,,,,,,,,,,,,,,,,,,,,,,,,,,,,,,,,,,,,,,,,,,,,,,,,,,,,,,,,,
5,,8,,,,,ウインエンブレム,,牡,3,初,,,,,,,,,,,,,,,,,,,,,,,,,,,,,,,,,,,,,,,,,,,,,,,,,,,,,,,,,,,,
6,,9,,,,,ロット,,牝,3,4,2,7,京都,D,1400,良,10,10,未勝利,37.5,後方,3,1,18,中山,D,1200,良,7,8,未勝利,39.4,中団,5,12,13,中山,T,1600,良,11,9,未勝利*,35.3,後方,7,10,26,東京,T,1600,稍,3,6,未勝利*,35.7,先行,3,10,5,東京,T,1400,良,10,10,未勝利*,34.4,中団,3
6,,10,,,,,サンドッグ,,牡,3,3,2,14,京都,T,1800,良,17,12,未勝利,39.4,中団,7,12,28,中山,D,1800,良,14,14,新馬,43.3,後方,初,,,,,,,,,,,,,,,,,,,,,,,,,,,,,,,,,,,,
7,B,11,,,,,ロードキャリバー,,牡,3,連,2,28,中山,D,1800,重,11,9,未勝利,41.0,後方,2,2,15,京都,D,1800,良,10,10,未勝利,40.4,後方,2,2,1,東京,T,1600,良,16,14,新馬,35.2,後方,初,,,,,,,,,,,,,,,,,,,,,,,,
7,,12,,,,,ウルヴァリン,,牡,3,2,2,22,東京,D,2100,良,12,13,未勝利,38.8,後方,6,1,12,中山,D,1800,良,10,15,未勝利,41.7,後方,3,12,21,中山,D,1200,不,12,8,未勝利*,38.1,後方,3,11,30,東京,D,1600,良,12,15,未勝利*,39.5,中団,3,11,9,東京,D,1600,稍,11,13,未勝利*,40.3,中団,3
8,,13,,,,,ホノボノ,,牡,3,2,2,21,小倉,D,1700,良,4,9,未勝利,38.7,差し,連,2,15,小倉,T,1800,稍,16,11,未勝利,36.7,後方,13,11,16,東京,T,1800,良,12,10,未勝利*,37.1,先行,3,10,25,新潟,T,1800,良,7,8,未勝利*,35.1,逃げ,13,7,27,新潟,T,1600,良,8,8,新馬,34.5,中団,初
8,,14,,,,,アラビアンドリーム,,牡,3,7,1,18,中山,D,1800,良,4,3,未勝利,39.5,ﾏｸﾘ,2,1,4,中山,D,1800,稍,6,1,未勝利,41.9,先行,3,12,13,中山,D,1800,良,2,1,新馬,39.0,先行,初,,,,,,,,,,,,,,,,,,,,,,,,
レースID(新),日付S,曜日,場所,開催,R,レース名,クラス名,芝・ダート,距離,コース区分,コーナー回数,馬場状態(暫定),天候(暫定),フルゲート頭数,発走時刻,性別限定,重量種別,年齢限定
2026030806020405,2026.3.8,日,中山,2中4,5,,未勝利,芝,1800,A,4,良,晴,16,12:25,,馬齢,３歳
枠番,B,番,印,M2,M3,M4,馬名S,Ｃ,性別,年齢,間隔,月,日,場所,TD,距離,馬場状態,着順,人気,ﾚｰｽ名･1走前,上り3F,決手,前走間隔,月,日,場所,TD,距離,馬場状態,着順,人気,ﾚｰｽ名･2走前,上り3F,決手,前走間隔,月,日,場所,TD,距離,馬場状態,着順,人気,ﾚｰｽ名･3走前,上り3F,決手,前走間隔,月,日,場所,TD,距離,馬場状態,着順,人気,ﾚｰｽ名･4走前,上り3F,決手,前走間隔,月,日,場所,TD,距離,馬場状態,着順,人気,ﾚｰｽ名･5走前,上り3F,決手,前走間隔
1,,1,,,,,ニシノマルガリート,,牡,3,10,12,27,中山,T,1600,良,12,6,新馬,35.9,後方,初,,,,,,,,,,,,,,,,,,,,,,,,,,,,,,,,,,,,,,,,,,,,,,,,
1,,2,,,,,ランウェイミューズ,,牝,3,12,12,14,中山,T,1600,稍,2,2,新馬,36.2,先行,初,,,,,,,,,,,,,,,,,,,,,,,,,,,,,,,,,,,,,,,,,,,,,,,,
2,,3,,,,,トーセンブリラーレ,,牡,3,9,1,5,中山,D,1800,稍,11,8,未勝利,41.9,後方,3,12,14,中京,D,1800,稍,5,7,新馬,39.9,中団,初,,,,,,,,,,,,,,,,,,,,,,,,,,,,,,,,,,,,
2,,4,,,,,ハニージョー,,牡,3,20,10,18,東京,T,1600,良,3,7,新馬,34.5,逃げ,初,,,,,,,,,,,,,,,,,,,,,,,,,,,,,,,,,,,,,,,,,,,,,,,,
3,,5,,,,,サンサブリミナル,,牝,3,初,,,,,,,,,,,,,,,,,,,,,,,,,,,,,,,,,,,,,,,,,,,,,,,,,,,,,,,,,,,,
3,,6,,,,,フックセンチョウ,,牡,3,9,1,5,中山,D,1200,稍,16,14,未勝利,38.8,後方,12,10,13,東京,T,1400,良,11,12,未勝利*,35.9,後方,2,9,27,中山,T,1600,良,16,13,未勝利*,35.6,後方,3,9,6,中山,T,1200,良,12,14,新馬,34.2,後方,初,,,,,,,,,,,,
4,,7,,,,,カンティーナ,,牝,3,3,2,15,東京,T,1800,良,3,6,未勝利,34.3,先行,13,11,16,東京,T,1800,良,11,7,未勝利*,36.5,中団,8,9,20,中山,T,2000,良,6,3,未勝利*,34.7,中団,4,8,24,新潟,T,2000,良,2,1,新馬,36.2,先行,初,,,,,,,,,,,,
4,,8,,,,,フクスケ,,牡,3,11,12,20,中山,T,1800,良,15,16,未勝利*,36.1,中団,9,10,18,東京,D,1600,良,11,8,未勝利*,44.0,先行,3,9,28,中山,T,2000,良,9,16,新馬,35.5,先行,初,,,,,,,,,,,,,,,,,,,,,,,,
5,,9,,,,,ラベルセーヌ,,牝,3,初,,,,,,,,,,,,,,,,,,,,,,,,,,,,,,,,,,,,,,,,,,,,,,,,,,,,,,,,,,,,
5,,10,,,,,コールリッジ,,牡,3,初,,,,,,,,,,,,,,,,,,,,,,,,,,,,,,,,,,,,,,,,,,,,,,,,,,,,,,,,,,,,
6,,11,,,,,ベルランコントル,,牝,3,11,12,20,中山,T,1800,良,14,4,未勝利*,36.0,ﾏｸﾘ,2,12,7,中山,T,1800,良,3,4,未勝利*,34.5,差し,3,11,15,福島,T,2000,良,4,2,未勝利*,36.2,先行,7,9,28,中山,T,2000,良,5,4,新馬,35.6,先行,初,,,,,,,,,,,,
6,,12,,,,,アレステリオス,,牡,3,11,12,20,中山,D,1800,良,10,10,未勝利*,39.7,後方,7,11,2,東京,T,2000,良,4,6,新馬,34.5,逃げ,初,,,,,,,,,,,,,,,,,,,,,,,,,,,,,,,,,,,,
7,,13,,,,,ショウナンサイオウ,,牡,3,2,2,22,東京,T,1800,良,3,6,未勝利,33.8,差し,12,11,30,東京,D,1600,良,16,7,未勝利*,42.8,後方,3,11,9,東京,D,1600,稍,8,2,未勝利*,38.5,中団,3,10,18,東京,T,1600,良,5,3,新馬,34.5,先行,初,,,,,,,,,,,,
7,,14,,,,,ポイズンオーク,,牝,3,8,1,12,中山,D,1800,良,7,5,未勝利・牝,40.1,中団,4,12,13,中山,D,1800,良,4,3,新馬,40.8,差し,初,,,,,,,,,,,,,,,,,,,,,,,,,,,,,,,,,,,,
8,,15,,,,,ギリーカラム,,牡,3,初,,,,,,,,,,,,,,,,,,,,,,,,,,,,,,,,,,,,,,,,,,,,,,,,,,,,,,,,,,,,
8,,16,,,,,アルペンローゼ,,牝,3,3,2,14,東京,T,1800,良,4,9,未勝利・牝,34.4,先行,13,11,16,東京,D,1600,良,10,10,新馬,37.5,後方,初,,,,,,,,,,,,,,,,,,,,,,,,,,,,,,,,,,,,
レースID(新),日付S,曜日,場所,開催,R,レース名,クラス名,芝・ダート,距離,コース区分,コーナー回数,馬場状態(暫定),天候(暫定),フルゲート頭数,発走時刻,性別限定,重量種別,年齢限定
2026030806020406,2026.3.8,日,中山,2中4,6,,1勝,ダート,1200,,2,稍,晴,16,12:55,,定量,４上
枠番,B,番,印,M2,M3,M4,馬名S,Ｃ,性別,年齢,間隔,月,日,場所,TD,距離,馬場状態,着順,人気,ﾚｰｽ名･1走前,上り3F,決手,前走間隔,月,日,場所,TD,距離,馬場状態,着順,人気,ﾚｰｽ名･2走前,上り3F,決手,前走間隔,月,日,場所,TD,距離,馬場状態,着順,人気,ﾚｰｽ名･3走前,上り3F,決手,前走間隔,月,日,場所,TD,距離,馬場状態,着順,人気,ﾚｰｽ名･4走前,上り3F,決手,前走間隔,月,日,場所,TD,距離,馬場状態,着順,人気,ﾚｰｽ名･5走前,上り3F,決手,前走間隔
1,,1,,,,,ピクラリーダ,,牝,5,26,9,6,中山,D,1200,稍,15,14,１勝ｸﾗｽ,38.3,中団,4,8,9,札幌,D,1000,重,11,8,１勝ｸﾗｽ,38.1,先行,2,7,27,札幌,D,1000,不,3,7,１勝ｸﾗｽ,35.5,逃げ,2,7,12,函館,D,1000,良,10,11,１勝ｸﾗｽ,37.4,先行,8,5,18,新潟,D,1200,良,13,12,１勝ｸﾗｽ,40.3,逃げ,14
1,,2,,,,,ショウナンラリー,,牡,4,17,11,8,東京,D,1300,良,16,3,１勝ｸﾗｽ,39.7,先行,10,8,30,札幌,D,1000,重,5,2,１勝ｸﾗｽ,35.2,先行,7,7,12,函館,D,1000,良,1,3,未勝利,35.6,先行,2,6,29,函館,D,1000,良,3,2,未勝利,36.1,先行,連,6,22,函館,D,1000,重,5,2,未勝利,36.6,先行,4
2,,3,,,,,カーヌスティ,,牡,4,4,2,10,東京,D,1300,稍,5,3,１勝ｸﾗｽ,37.5,先行,2,1,24,中山,D,1200,良,4,4,１勝ｸﾗｽ,37.8,差し,10,11,13,門別,D,1000,稍,1,1,来年も,----,先行,3,10,29,門別,D,1000,稍,1,1,ローズ,----,先行,3,10,8,門別,D,1000,良,1,1,グラン,----,先行,2
2,B,4,,,,,カーリングホリデー,,牝,5,23,9,27,中山,D,1800,良,14,15,１勝ｸﾗｽ・牝,38.9,後方,14,6,22,東京,D,1600,良,12,15,１勝ｸﾗｽ・牝,38.6,後方,9,4,19,福島,D,1700,良,12,13,１勝ｸﾗｽ・牝,39.7,後方,8,2,22,東京,D,1600,良,13,11,１勝ｸﾗｽ,38.6,後方,10,12,15,中京,D,1400,良,13,14,１勝ｸﾗｽ・若,37.3,後方,8
3,,5,,,,,ルクスマーベリック,,セ,5,11,12,20,中山,D,1200,良,6,12,１勝ｸﾗｽ,37.2,中団,4,11,22,福島,T,1800,良,15,12,高湯温泉･1勝,36.1,先行,15,8,10,新潟,T,1400,重,9,10,１勝ｸﾗｽ,35.4,後方,4,7,13,小倉,T,1800,良,5,8,１勝ｸﾗｽ,37.4,先行,3,6,21,阪神,T,1600,良,9,9,１勝ｸﾗｽ,35.6,中団,23
3,,6,,,,,エンジェルブリーズ,,牝,4,11,12,20,中山,D,1200,良,7,7,１勝ｸﾗｽ,36.5,後方,9,10,18,東京,T,1400,良,12,4,１勝ｸﾗｽ,33.1,後方,25,4,27,東京,T,2000,良,14,5,フローラG2,34.9,先行,8,3,1,中山,T,1800,良,1,7,未勝利,34.1,先行,初,,,,,,,,,,,,
4,,7,,,,,ルイステソーロ,,セ,4,15,11,24,福島,D,1150,良,11,2,１勝ｸﾗｽ,38.1,先行,6,10,13,東京,D,1300,良,6,1,１勝ｸﾗｽ,36.3,中団,3,9,20,中山,D,1200,重,3,4,１勝ｸﾗｽ,37.1,差し,19,5,10,京都,D,1200,重,6,14,１勝ｸﾗｽ*,35.6,後方,4,4,13,中山,D,1200,良,12,12,１勝ｸﾗｽ*,37.6,後方,20
4,,8,,,,,セイゲン,,セ,7,11,12,20,中山,D,1200,良,10,16,１勝ｸﾗｽ,36.5,後方,4,11,24,東京,D,1400,良,8,14,１勝ｸﾗｽ,37.0,後方,5,10,19,新潟,D,1200,稍,7,12,１勝ｸﾗｽ,36.4,後方,7,8,30,札幌,D,1000,重,10,11,１勝ｸﾗｽ,34.3,後方,2,8,17,札幌,D,1000,稍,4,8,１勝ｸﾗｽ,34.8,差し,3
5,B,9,,,,,グルーヴィーオン,,牝,4,3,2,15,東京,D,1400,良,4,10,１勝ｸﾗｽ,36.9,先行,12,11,22,福島,D,1150,良,12,10,１勝ｸﾗｽ,37.7,後方,9,9,20,中山,D,1200,重,7,11,１勝ｸﾗｽ・牝,37.8,中団,9,7,22,浦和,D,1400,良,1,2,ツイン,----,逃げ,5,6,15,東京,D,1400,重,6,5,未勝利・牝,37.4,先行,3
5,,10,,,,,マクミランテソーロ,,牡,5,3,2,15,東京,D,1400,良,2,1,１勝ｸﾗｽ,36.9,逃げ,11,11,30,東京,D,1400,良,7,1,１勝ｸﾗｽ,38.6,先行,2,11,15,東京,D,1400,良,2,3,１勝ｸﾗｽ,36.9,逃げ,3,10,25,東京,D,1400,稍,3,2,１勝ｸﾗｽ,36.8,先行,12,8,3,札幌,D,1700,良,6,4,１勝ｸﾗｽ,39.9,先行,4
6,,11,,,,,ブリックンクリック,,セ,4,12,12,13,中山,D,1200,良,10,8,１勝ｸﾗｽ,36.6,後方,3,11,24,東京,D,1400,良,16,8,１勝ｸﾗｽ,39.5,先行,7,10,4,東京,D,1400,良,10,12,１勝ｸﾗｽ,38.2,先行,11,7,20,福島,D,1700,良,13,6,１勝ｸﾗｽ,40.5,先行,9,5,18,東京,D,1400,重,1,3,未勝利,36.3,先行,8
6,,12,,,,,サヨノジャンボリー,,牡,4,16,11,16,福島,D,1150,良,9,9,１勝ｸﾗｽ・若,37.5,後方,5,10,11,東京,D,1400,稍,15,12,１勝ｸﾗｽ,38.7,先行,3,9,20,中山,D,1200,重,9,6,１勝ｸﾗｽ,37.7,後方,2,9,6,中山,D,1200,稍,11,4,１勝ｸﾗｽ,37.5,逃げ,14,6,1,京都,D,1400,良,8,11,１勝ｸﾗｽ*,38.4,中団,9
7,,13,,,,,アイアンソリッド,,牝,4,11,12,21,中京,D,1200,稍,6,11,１勝ｸﾗｽ・若,37.4,先行,2,12,6,中京,D,1200,良,10,6,１勝ｸﾗｽ,39.6,先行,4,11,8,福島,D,1150,良,8,10,１勝ｸﾗｽ,37.5,中団,3,10,19,新潟,D,1200,重,4,6,１勝ｸﾗｽ・牝,37.1,差し,18,6,14,東京,D,1400,良,13,6,１勝ｸﾗｽ・牝,37.7,中団,4
7,,14,,,,,アルマーレシチー,,セ,5,10,12,28,中山,D,1200,良,6,10,１勝ｸﾗｽ,37.3,後方,9,10,26,新潟,D,1200,稍,8,11,１勝ｸﾗｽ・若,37.4,中団,19,6,17,川崎,D,1500,良,9,7,ジュー,----,中団,8,4,20,福島,D,1700,良,13,9,１勝ｸﾗｽ,39.7,中団,6,3,8,中山,D,1800,稍,15,12,１勝ｸﾗｽ,40.4,後方,4
8,,15,,,,,アースミューズ,,牝,4,12,12,14,中京,D,1200,稍,8,12,１勝ｸﾗｽ,37.5,中団,3,11,22,福島,D,1150,良,14,11,１勝ｸﾗｽ,39.1,中団,16,8,2,札幌,D,1000,良,4,4,１勝ｸﾗｽ・牝,36.0,先行,3,7,12,函館,D,1000,良,4,5,１勝ｸﾗｽ,36.0,先行,2,6,28,函館,D,1000,稍,6,12,１勝ｸﾗｽ,35.0,後方,16
8,B,16,,,,,イェルマーク,,牡,5,17,11,9,福島,T,1200,良,16,13,１勝ｸﾗｽ,36.6,後方,10,8,30,新潟,T,1400,良,17,11,新発田城･1勝,36.9,中団,9,6,29,福島,T,1200,良,7,6,１勝ｸﾗｽ,36.0,先行,17,3,5,川崎,D, 900,不,1,1,進撃賞,----,先行,3,2,8,川崎,D, 900,良,1,1,雷獣賞,----,差し,5
レースID(新),日付S,曜日,場所,開催,R,レース名,クラス名,芝・ダート,距離,コース区分,コーナー回数,馬場状態(暫定),天候(暫定),フルゲート頭数,発走時刻,性別限定,重量種別,年齢限定
2026030806020407,2026.3.8,日,中山,2中4,7,,1勝,芝,1600,A,3,良,晴,16,13:25,,馬齢,３歳
枠番,B,番,印,M2,M3,M4,馬名S,Ｃ,性別,年齢,間隔,月,日,場所,TD,距離,馬場状態,着順,人気,ﾚｰｽ名･1走前,上り3F,決手,前走間隔,月,日,場所,TD,距離,馬場状態,着順,人気,ﾚｰｽ名･2走前,上り3F,決手,前走間隔,月,日,場所,TD,距離,馬場状態,着順,人気,ﾚｰｽ名･3走前,上り3F,決手,前走間隔,月,日,場所,TD,距離,馬場状態,着順,人気,ﾚｰｽ名･4走前,上り3F,決手,前走間隔,月,日,場所,TD,距離,馬場状態,着順,人気,ﾚｰｽ名･5走前,上り3F,決手,前走間隔
1,,1,,,,,マルガ,,牝,3,3,2,14,東京,T,1600,良,7,5,クイーンG3,34.2,中団,9,12,13,中京,T,1400,良,3,1,つわぶき･1勝,33.5,追込,7,10,25,東京,T,1600,稍,5,1,アルテミG3,35.2,逃げ,15,7,12,函館,T,1800,良,1,1,新馬,35.7,逃げ,初,,,,,,,,,,,,
2,,2,,,,,ショーリバース,,牡,3,連,3,1,中山,T,1600,良,7,5,１勝ｸﾗｽ*,34.8,中団,4,1,31,東京,D,1600,良,6,7,１勝ｸﾗｽ*,36.9,中団,7,12,14,中山,D,1800,稍,16,9,１勝ｸﾗｽ*,40.1,後方,2,11,29,東京,D,1600,良,6,8,カトレア,37.7,中団,7,10,13,東京,D,1600,良,2,4,プラタナ･1勝,36.4,逃げ,13
3,,3,,,,,ランズダウンロード,,牡,3,16,11,16,東京,T,1800,良,1,2,未勝利*,35.0,先行,4,10,19,東京,T,1800,良,6,1,新馬,33.9,中団,初,,,,,,,,,,,,,,,,,,,,,,,,,,,,,,,,,,,,
4,,4,,,,,ディールメーカー,,牡,3,8,1,10,中山,T,1600,良,1,2,未勝利,34.6,先行,24,7,27,新潟,T,1600,良,2,5,新馬,32.8,差し,初,,,,,,,,,,,,,,,,,,,,,,,,,,,,,,,,,,,,
5,,5,,,,,コルテオソレイユ,,牡,3,11,12,21,阪神,T,1600,重,11,6,フューチG1,36.0,先行,3,11,30,東京,T,1600,良,2,5,ベゴニア･1勝,33.5,差し,10,9,21,阪神,T,1600,良,1,6,未勝利*,34.9,差し,2,9,7,札幌,T,1500,稍,3,2,未勝利*,36.1,差し,7,7,20,函館,T,1200,良,3,1,未勝利*,35.2,先行,2
6,,6,,,,,ニシノセイドウ,,牡,3,3,2,14,東京,T,1400,良,7,8,１勝ｸﾗｽ*,33.8,中団,7,12,28,中山,T,1200,良,1,5,未勝利*,35.4,先行,3,12,7,中山,T,1200,良,4,6,新馬,34.7,先行,初,,,,,,,,,,,,,,,,,,,,,,,,
6,,7,,,,,アグネスクレスト,,牡,3,2,2,21,小倉,T,1200,良,10,6,あざみ賞･1勝,35.3,先行,3,1,31,東京,T,1400,良,10,13,クロッカ(L),34.4,中団,9,11,29,東京,T,1400,良,1,6,未勝利*,34.3,先行,3,11,9,東京,T,1400,良,4,7,未勝利*,34.9,先行,2,10,26,東京,T,1400,稍,5,3,新馬,34.4,中団,初
7,,8,,,,,ベレーバスク,,牝,3,3,2,14,東京,T,1400,良,8,4,１勝ｸﾗｽ*,34.1,先行,9,12,13,中京,T,1400,良,9,2,つわぶき･1勝,35.1,先行,6,11,1,京都,T,1400,良,5,4,ファンタG3,33.6,中団,5,9,28,中山,T,1600,良,2,3,サフラン･1勝,34.0,先行,6,8,16,新潟,T,1400,良,1,2,新馬・牝,34.9,先行,初
7,,9,,,,,トリスティ,,牝,3,2,2,22,東京,T,1600,良,10,10,１勝ｸﾗｽ*,36.3,中団,5,1,17,中山,T,1600,良,6,7,菜の花賞･1勝,34.4,中団,12,10,26,盛岡,D,1400,稍,6,4,プリン,----,先行,9,8,23,札幌,T,1500,良,3,9,クローバ,37.0,先行,5,7,22,門別,D,1200,良,5,5,ターフ,----,後方,2
8,,10,,,,,サーディンラン,,牡,3,16,11,16,京都,T,2000,良,7,7,黄菊賞･1勝*,36.4,中団,4,10,19,京都,T,1800,良,1,1,未勝利*,34.7,先行,8,8,24,中京,T,1600,良,3,2,未勝利*,34.5,差し,3,8,3,中京,T,1600,良,2,2,新馬,34.3,逃げ,初,,,,,,,,,,,,
8,,11,,,,,ポペット,,牝,3,4,2,8,小倉,T,1200,良,9,2,かささぎ･1勝,34.6,後方,3,1,17,中山,T,1600,良,7,1,菜の花賞･1勝,34.4,後方,8,11,23,東京,T,1600,良,2,1,赤松賞･1勝*,32.9,追込,3,11,1,京都,T,1400,良,6,5,ファンタG3,32.8,後方,8,9,6,札幌,T,1800,良,9,5,札幌２歳G3,36.2,中団,5
レースID(新),日付S,曜日,場所,開催,R,レース名,クラス名,芝・ダート,距離,コース区分,コーナー回数,馬場状態(暫定),天候(暫定),フルゲート頭数,発走時刻,性別限定,重量種別,年齢限定
2026030806020408,2026.3.8,日,中山,2中4,8,,2勝,ダート,1800,,4,稍,晴,16,13:55,,定量,４上
枠番,B,番,印,M2,M3,M4,馬名S,Ｃ,性別,年齢,間隔,月,日,場所,TD,距離,馬場状態,着順,人気,ﾚｰｽ名･1走前,上り3F,決手,前走間隔,月,日,場所,TD,距離,馬場状態,着順,人気,ﾚｰｽ名･2走前,上り3F,決手,前走間隔,月,日,場所,TD,距離,馬場状態,着順,人気,ﾚｰｽ名･3走前,上り3F,決手,前走間隔,月,日,場所,TD,距離,馬場状態,着順,人気,ﾚｰｽ名･4走前,上り3F,決手,前走間隔,月,日,場所,TD,距離,馬場状態,着順,人気,ﾚｰｽ名･5走前,上り3F,決手,前走間隔
1,,1,,,,,セザンワールド,,セ,6,6,1,24,中山,D,1800,良,4,7,初霞賞･2勝,39.2,追込,3,1,5,中山,D,1800,稍,4,10,初茜賞･2勝,38.8,差し,3,12,11,船橋,D,1800,良,1,9,フェイ,----,差し,5,11,8,福島,T,1800,良,7,14,１勝ｸﾗｽ・若,35.7,中団,2,10,25,新潟,T,1800,良,9,14,１勝ｸﾗｽ・若,34.3,後方,5
2,,2,,,,,リラゲイル,,牡,4,7,1,18,中山,D,1800,良,1,2,１勝ｸﾗｽ,38.5,先行,3,12,27,中山,D,1800,稍,3,7,１勝ｸﾗｽ,37.9,差し,6,11,19,川崎,D,1500,良,1,1,サラ系,----,逃げ,5,10,15,川崎,D,1500,稍,1,1,山ノ内,----,差し,6,8,30,札幌,T,1500,稍,7,7,未勝利,36.7,中団,2
3,,3,,,,,ヴォルスター,,牡,5,3,2,12,船橋,D,1600,良,4,9,ハート,----,先行,8,12,21,阪神,D,1800,重,13,5,２勝ｸﾗｽ,39.9,逃げ,2,12,7,阪神,D,1800,良,8,12,豊中特別･2勝,39.9,逃げ,7,10,19,京都,D,1800,良,14,13,聚楽第特･2勝,40.3,中団,8,8,24,中京,D,1800,良,16,9,大府特別･2勝,42.7,中団,3
4,B,4,,,,,ニューファウンド,,セ,4,8,1,12,中山,D,2400,良,9,4,成田特別･2勝,40.7,先行,6,11,29,東京,D,2100,良,6,3,２勝ｸﾗｽ,38.5,先行,16,8,10,新潟,D,1800,不,9,15,レパードG3,37.4,中団,8,6,14,東京,D,2100,良,4,4,日野特別･2勝,36.1,追込,9,4,13,中山,D,1800,良,1,3,１勝ｸﾗｽ*,37.3,先行,4
4,B,5,,,,,ラオラシオン,,セ,5,3,2,14,東京,D,1600,良,12,12,２勝ｸﾗｽ,37.7,中団,16,10,25,新潟,D,1800,良,11,8,菅名岳特･2勝,39.4,中団,9,8,24,札幌,D,1700,良,7,4,WASJ第３･2勝,38.1,中団,4,7,26,札幌,D,1700,良,10,4,桑園特別･2勝,37.4,中団,10,5,17,新潟,D,1800,稍,2,5,中ノ岳特･2勝,37.8,先行,4
5,,6,,,,,マンダリンボレロ,,牡,6,3,2,14,京都,D,1900,稍,5,11,２勝ｸﾗｽ,37.7,後方,3,1,24,中山,D,1800,良,6,8,初霞賞･2勝,40.2,先行,4,12,28,中山,D,1800,良,7,9,ハッピー･2勝,40.0,後方,3,12,6,中山,D,1800,良,10,6,鹿島特別･2勝,39.9,先行,22,7,5,函館,D,1700,重,2,9,竜飛崎特･2勝,37.1,先行,4
5,B,7,,,,,マーゴットゲイン,,牡,4,3,2,15,東京,D,1400,良,14,5,２勝ｸﾗｽ,36.5,後方,11,11,29,東京,T,1600,良,5,7,２勝ｸﾗｽ,34.0,後方,3,11,8,東京,D,2100,良,7,3,神奈川新･2勝,37.9,中団,12,8,17,新潟,D,1800,良,1,2,１勝ｸﾗｽ,37.2,先行,3,7,27,新潟,D,1800,良,5,3,１勝ｸﾗｽ,37.1,後方,11
6,,8,,,,,ウインアクトゥール,,牡,5,4,2,7,小倉,T,1800,稍,3,4,ＲＫＢ賞･2勝,35.6,先行,11,11,22,京都,T,2000,良,11,7,２勝ｸﾗｽ,35.7,中団,4,10,26,新潟,T,2000,稍,3,4,村上特別･2勝,35.4,差し,7,9,7,札幌,T,1800,稍,3,7,ＨＴＢ賞･2勝,36.6,先行,2,8,24,札幌,T,1800,良,2,9,WASJ第４･2勝,35.6,先行,6
6,,9,,,,,ライジンマル,,セ,5,連,2,28,中山,D,1800,稍,6,10,２勝ｸﾗｽ,39.3,逃げ,5,1,24,中山,D,1800,良,8,6,初霞賞･2勝,41.1,先行,3,1,5,中山,D,1800,稍,7,7,初茜賞･2勝,40.0,中団,12,10,11,東京,D,2100,稍,14,6,東村山特･2勝,40.0,先行,4,9,15,中山,D,1800,良,4,4,鋸山特別･2勝,39.4,逃げ,7
7,,10,,,,,ミダース,,牡,5,10,12,27,中山,D,1800,稍,1,2,１勝ｸﾗｽ,37.9,差し,17,8,30,新潟,D,1800,良,2,3,１勝ｸﾗｽ,37.4,先行,9,6,28,福島,D,1700,良,4,9,１勝ｸﾗｽ,38.1,差し,45,8,17,新潟,D,1800,良,1,1,未勝利,39.8,先行,9,6,16,東京,D,1600,良,3,1,未勝利,37.6,先行,2
7,,11,,,,,トルショー,,牡,4,連,2,28,中山,D,1800,稍,11,11,２勝ｸﾗｽ,39.3,中団,7,1,10,中山,D,1800,良,9,6,２勝ｸﾗｽ,38.9,ﾏｸﾘ,7,11,23,東京,D,1600,良,11,8,２勝ｸﾗｽ,35.9,中団,5,10,19,東京,D,1600,良,12,8,西湖特別･2勝,38.1,逃げ,6,9,9,川崎,D,1600,稍,9,2,スパー,----,中団,19
8,,12,,,,,リザードアイランド,,牡,4,13,12,7,中山,D,1800,良,1,1,１勝ｸﾗｽ,37.0,先行,11,9,21,中山,D,1800,良,2,1,１勝ｸﾗｽ,38.8,先行,22,4,19,中山,D,1800,良,1,3,未勝利,37.6,先行,3,3,29,中山,T,1800,稍,7,3,未勝利,37.7,先行,初,,,,,,,,,,,,
8,,13,,,,,ニシノブレイゼスト,,牡,4,8,1,10,中山,D,1800,良,1,1,１勝ｸﾗｽ,38.3,先行,2,12,27,中山,D,1800,稍,4,3,１勝ｸﾗｽ,39.0,先行,3,12,7,中山,D,1800,良,3,5,１勝ｸﾗｽ,38.3,先行,12,9,14,中山,D,1800,稍,4,7,１勝ｸﾗｽ,37.3,先行,4,8,17,札幌,D,1700,稍,6,5,１勝ｸﾗｽ,38.0,後方,2
レースID(新),日付S,曜日,場所,開催,R,レース名,クラス名,芝・ダート,距離,コース区分,コーナー回数,馬場状態(暫定),天候(暫定),フルゲート頭数,発走時刻,性別限定,重量種別,年齢限定
2026030806020409,2026.3.8,日,中山,2中4,9,湾岸Ｓ,3勝,芝,2500,A,5,良,晴,16,14:30,,定量,４上
枠番,B,番,印,M2,M3,M4,馬名S,Ｃ,性別,年齢,間隔,月,日,場所,TD,距離,馬場状態,着順,人気,ﾚｰｽ名･1走前,上り3F,決手,前走間隔,月,日,場所,TD,距離,馬場状態,着順,人気,ﾚｰｽ名･2走前,上り3F,決手,前走間隔,月,日,場所,TD,距離,馬場状態,着順,人気,ﾚｰｽ名･3走前,上り3F,決手,前走間隔,月,日,場所,TD,距離,馬場状態,着順,人気,ﾚｰｽ名･4走前,上り3F,決手,前走間隔,月,日,場所,TD,距離,馬場状態,着順,人気,ﾚｰｽ名･5走前,上り3F,決手,前走間隔
1,,1,,,,,マイユニバース,,牡,4,8,1,10,中山,T,2200,良,2,1,迎春Ｓ･3勝,34.2,先行,11,10,26,京都,T,3000,稍,13,4,菊花賞G1,36.7,先行,5,9,20,中山,T,2500,良,1,1,九十九里･2勝,34.1,逃げ,16,6,1,京都,T,1800,良,5,1,白百合Ｓ(L),35.0,中団,2,5,17,京都,T,2000,不,1,3,あずさ賞･1勝,35.1,差し,9
1,,2,,,,,リンフレスカンテ,,牡,8,50,3,23,阪神,T,3000,良,9,10,阪神大賞G2,37.7,先行,3,3,1,阪神,T,3000,良,4,4,阪神競Ｈ･3勝,36.4,追込,15,11,17,京都,T,2400,良,3,9,比叡ＳＨ･3勝,34.7,差し,5,10,14,東京,T,2500,良,1,3,２勝ｸﾗｽ,33.9,逃げ,3,9,21,中山,T,2500,良,3,4,九十九里･2勝,35.3,先行,11
2,,3,,,,,ガジュノリ,,牝,5,6,1,24,中山,T,2000,良,4,12,初富士Ｈ･3勝,34.4,差し,4,12,28,阪神,T,2000,良,10,5,サンクフ･3勝,35.0,中団,2,12,14,阪神,T,2200,良,8,5,オリオン･3勝,34.9,後方,19,8,2,札幌,T,2000,良,10,3,ＳＴＶＨ･3勝,35.1,中団,6,6,21,阪神,T,2200,良,2,6,ストーＨ･3勝,34.9,差し,4
2,,4,,,,,アスターブジエ,,牡,6,10,12,27,中山,T,2500,良,5,7,グレイト･3勝,34.7,先行,5,11,22,京都,T,2400,良,4,11,比叡Ｓ･3勝,34.5,差し,3,11,2,京都,T,3000,良,4,7,古都ＳＨ･3勝,34.3,追込,8,9,7,札幌,T,2600,稍,6,10,丹頂ＳＨ,35.1,中団,11,6,21,阪神,T,2200,良,8,9,ストーＨ･3勝,35.0,後方,3
3,,5,,,,,ショウナンサムデイ,,牝,4,16,11,16,東京,T,1800,良,9,1,ユートピ･3勝,34.3,先行,7,9,28,中山,T,2000,良,1,1,茨城新聞･2勝,34.3,先行,4,8,30,札幌,T,2000,稍,2,3,札幌日刊･2勝,36.3,差し,5,7,26,札幌,T,2000,良,1,3,１勝ｸﾗｽ,34.3,先行,14,4,19,中山,T,1800,良,4,5,１勝ｸﾗｽ・牝*,34.0,逃げ,3
3,,6,,,,,レッドテリオス,,牡,5,10,12,27,中山,T,2500,良,6,2,グレイト･3勝,34.4,先行,5,11,22,京都,T,2400,良,6,4,比叡Ｓ･3勝,34.4,中団,33,4,6,中山,T,2500,良,1,1,安房特Ｈ･2勝,34.7,先行,4,3,8,中山,T,2500,良,3,2,潮来特別･2勝,35.0,先行,8,1,12,中山,T,2200,良,1,1,１勝ｸﾗｽ,34.4,追込,3
4,,7,,,,,ルカランフィースト,,牡,5,8,1,10,中山,T,2200,良,14,4,迎春Ｓ･3勝,35.8,中団,20,8,23,札幌,T,2000,良,5,2,WASJ第２･3勝,36.2,後方,8,6,28,福島,T,2000,良,12,6,バーデン･3勝,36.3,後方,11,4,13,中山,T,2000,良,1,1,鹿野山特･2勝,34.3,差し,6,3,2,中山,T,1800,良,9,3,富里特別･2勝,33.2,後方,8
4,,8,,,,,マイネルブリックス,,牡,5,6,1,24,中山,T,2000,良,6,15,初富士Ｈ･3勝,34.5,中団,2,1,10,中山,T,2200,良,13,15,迎春Ｓ･3勝,36.1,中団,4,12,13,中山,T,1800,良,15,10,常総Ｓ･3勝,35.0,中団,5,11,9,東京,T,2000,良,5,8,イクイノ･3勝,34.1,中団,17,7,13,函館,T,1800,良,4,8,巴賞,34.6,差し,8
5,,9,,,,,コスモフロイデ,,牡,7,3,2,14,京都,T,2000,良,14,16,飛鳥Ｓ･3勝,37.3,逃げ,3,1,24,中山,T,2000,良,15,17,初富士Ｈ･3勝,34.9,中団,3,1,4,京都,T,2000,良,8,9,寿Ｓ･3勝,34.3,先行,3,12,14,阪神,T,2200,良,13,14,オリオン･3勝,36.5,中団,2,11,30,東京,T,2000,良,14,15,ウェルカ･3勝,35.4,中団,3
5,,10,,,,,ヤマニンエンディマ,,牡,6,7,1,17,中山,D,1800,良,11,10,アレキＨ･3勝,38.5,先行,13,10,18,東京,D,2100,良,8,3,伊勢佐木･3勝,37.7,先行,21,5,25,東京,D,2100,重,2,14,丹沢ＳＨ･3勝,36.7,先行,34,9,28,中京,T,2000,良,11,8,高山Ｓ･3勝,36.2,中団,11,7,14,福島,T,2000,良,10,2,阿武隈Ｈ･3勝,36.4,中団,9
6,,11,,,,,バレンタインガール,,牝,5,8,1,10,中山,T,2200,良,3,6,迎春Ｓ･3勝,34.2,差し,7,11,24,東京,T,2400,良,1,5,南武特別･2勝,34.0,追込,6,10,11,東京,T,2400,良,4,6,陣馬特別･2勝,33.2,追込,11,7,26,札幌,T,2600,良,6,2,ライラッ･2勝,35.8,先行,3,7,6,函館,T,2600,稍,2,1,横津岳Ｈ･2勝,36.0,追込,9
6,B,12,,,,,ロードオールライト,,牡,5,8,1,10,中山,T,2200,良,8,5,迎春Ｓ･3勝,36.0,先行,10,11,2,京都,T,3000,良,9,2,古都ＳＨ･3勝,36.4,逃げ,3,10,13,東京,T,2400,良,6,4,昇仙峡Ｓ･3勝,34.9,逃げ,13,7,12,福島,T,2600,良,1,6,信夫山特･2勝,36.4,逃げ,10,5,3,京都,T,2200,稍,1,1,１勝ｸﾗｽ,34.0,先行,8
7,,13,,,,,ノーランサンライズ,,牝,4,3,2,14,京都,T,2000,良,5,6,飛鳥Ｓ･3勝,35.5,中団,12,11,24,福島,T,1800,良,1,7,五色沼特･2勝,34.8,差し,2,11,8,京都,T,2000,良,1,5,１勝ｸﾗｽ,33.8,差し,8,9,13,中山,T,2000,稍,4,2,１勝ｸﾗｽ,34.0,差し,3,8,23,中京,T,2000,良,3,6,１勝ｸﾗｽ・牝,34.4,先行,6
7,B,14,,,,,ウインルーティン,,牡,6,15,11,22,京都,T,2400,良,9,10,比叡Ｓ･3勝,35.1,先行,9,9,21,阪神,T,2200,良,5,8,ムーンＨ･3勝,34.3,逃げ,36,1,11,中山,T,2200,良,7,7,迎春Ｓ･3勝,36.3,先行,53,1,6,京都,T,3000,良,2,3,万葉ＳＨ,36.6,差し,4,12,10,阪神,T,2400,良,1,1,２勝ｸﾗｽ,33.4,先行,10
8,,15,,,,,エコロレイズ,,牡,5,2,2,21,小倉,T,2600,良,1,6,皿倉山特･2勝,35.3,差し,8,12,28,中山,T,2500,良,6,7,グッドＨ･2勝,36.4,先行,3,12,7,中山,T,2500,良,5,5,２勝ｸﾗｽ,34.9,中団,2,11,24,東京,T,2400,良,4,7,南武特別･2勝,34.6,差し,9,9,20,中山,T,2500,良,3,2,九十九里･2勝,34.5,先行,5
8,,16,,,,,トリプルコーク,,牡,4,18,11,1,東京,T,2400,良,1,1,本栖湖Ｈ･2勝,33.3,先行,9,8,31,新潟,T,2200,良,1,1,瓢湖特別･1勝,34.9,差し,11,6,15,東京,T,2000,稍,2,1,１勝ｸﾗｽ,34.3,差し,16,2,22,東京,T,2000,良,4,1,フリージ･1勝,34.0,差し,10,12,14,中山,T,2000,良,1,1,新馬,34.3,差し,初
レースID(新),日付S,曜日,場所,開催,R,レース名,クラス名,芝・ダート,距離,コース区分,コーナー回数,馬場状態(暫定),天候(暫定),フルゲート頭数,発走時刻,性別限定,重量種別,年齢限定
2026030806020410,2026.3.8,日,中山,2中4,10,総武Ｓ,ｵｰﾌﾟﾝ,ダート,1800,,4,稍,晴,16,15:05,,別定,４上
枠番,B,番,印,M2,M3,M4,馬名S,Ｃ,性別,年齢,間隔,月,日,場所,TD,距離,馬場状態,着順,人気,ﾚｰｽ名･1走前,上り3F,決手,前走間隔,月,日,場所,TD,距離,馬場状態,着順,人気,ﾚｰｽ名･2走前,上り3F,決手,前走間隔,月,日,場所,TD,距離,馬場状態,着順,人気,ﾚｰｽ名･3走前,上り3F,決手,前走間隔,月,日,場所,TD,距離,馬場状態,着順,人気,ﾚｰｽ名･4走前,上り3F,決手,前走間隔,月,日,場所,TD,距離,馬場状態,着順,人気,ﾚｰｽ名･5走前,上り3F,決手,前走間隔
1,,1,,,,,イムホテプ,,牡,4,11,12,21,中山,D,1800,重,1,1,北総Ｓ･3勝,36.8,先行,13,9,21,中山,D,1800,良,11,1,内房ＳＨ･3勝,40.7,逃げ,6,8,10,札幌,D,1700,良,1,1,ＦビレＨ･2勝,37.5,逃げ,19,3,29,中山,D,1800,稍,6,2,伏竜Ｓ,37.6,中団,2,3,15,中山,D,1800,稍,1,1,１勝ｸﾗｽ*,37.6,先行,9
2,B,2,,,,,シェットランド,,牡,6,12,12,14,中山,D,1800,稍,12,13,師走ＳＨ(L),39.3,中団,3,11,24,福島,D,1700,良,1,12,奥羽Ｓ･3勝,37.6,先行,7,10,5,東京,D,1600,良,6,12,赤富士Ｓ･3勝,37.2,中団,9,8,2,新潟,D,1800,良,11,7,柳都ＳＨ･3勝,39.1,先行,15,4,19,中山,D,1800,良,11,13,下総Ｓ･3勝,40.4,先行,6
2,,3,,,,,ミアネーロ,,牝,5,20,10,19,新潟,T,2200,良,4,4,新潟牝馬(L),34.6,差し,17,6,22,東京,T,1800,良,11,6,府中牝馬ＨG3,35.4,中団,5,5,18,東京,T,1600,良,消,--,ヴィクトG1,----,,10,3,8,中山,T,1800,良,8,2,中山牝馬ＨG3,34.8,後方,12,12,14,中山,T,1600,良,8,1,ターコイＨG3,34.1,後方,9
3,B,4,,,,,リチュアル,,セ,7,8,1,11,中山,D,1800,良,3,8,ポルック,38.1,先行,12,10,19,東京,D,2100,良,7,6,ブラジＨ(L),37.8,先行,7,8,30,中京,D,1800,良,2,6,名古屋城Ｈ,37.8,先行,10,6,21,東京,D,2100,良,5,6,スレイプ,38.8,先行,6,5,11,京都,D,1800,稍,11,4,平城京Ｓ,37.5,後方,7
3,,5,,,,,ルヴァンユニベール,,牡,4,21,10,12,京都,D,1800,良,6,2,太秦Ｓ,36.8,先行,6,9,2,盛岡,D,2000,不,5,3,不来方G2,----,先行,3,8,10,新潟,D,1800,不,2,12,レパードG3,36.7,先行,7,6,22,阪神,D,1800,良,2,2,２勝ｸﾗｽ,38.2,先行,3,5,31,京都,D,1800,良,4,2,鳳雛Ｓ(L),36.6,追込,9
4,,6,,,,,ショウナンライシン,,牡,6,12,12,14,中山,D,1800,稍,5,10,師走ＳＨ(L),38.3,中団,4,11,16,福島,D,1700,良,4,6,福島民友(L),37.3,差し,2,11,1,東京,D,1600,重,5,9,ペルセウＨ,35.3,後方,12,8,9,札幌,D,1700,稍,9,14,エルムＳG3,38.1,後方,3,7,19,函館,D,1700,良,11,10,マリーンＨ,37.3,後方,2
4,,7,,,,,アスクデビューモア,,牡,5,9,1,4,中山,D,1800,稍,1,5,招福Ｓ･3勝,38.1,ﾏｸﾘ,7,11,16,京都,D,1800,良,7,10,天橋立Ｈ･3勝,37.3,後方,4,10,18,東京,D,2100,良,5,7,伊勢佐木･3勝,36.8,後方,7,8,31,中京,D,1900,良,5,5,白川郷Ｓ･3勝,37.9,中団,14,5,25,東京,D,2100,重,6,5,丹沢ＳＨ･3勝,36.3,中団,6
5,B,8,,,,,レヴォントゥレット,,牡,5,11,12,24,名古,D,2000,不,7,2,名古屋G3,----,逃げ,6,11,9,京都,D,1800,不,11,10,みやこＳG3,39.0,逃げ,6,10,1,船橋,D,1800,稍,2,2,日本ＴG2,----,先行,5,8,23,新潟,D,1800,良,3,2,ＢＳＮ賞(L),37.6,先行,13,5,24,京都,D,1900,稍,3,10,平安ＳG3,35.6,逃げ,3
5,B,9,,,,,ブレイクフォース,,牡,7,12,12,14,中山,D,1800,稍,4,9,師走ＳＨ(L),37.6,追込,8,10,19,東京,D,2100,良,5,7,ブラジＨ(L),37.0,後方,4,9,20,中山,D,1800,重,3,5,バーレー,36.8,追込,4,8,23,新潟,D,1800,良,6,3,ＢＳＮ賞(L),37.7,中団,18,4,19,阪神,D,1800,良,5,9,アンタレG3,37.3,後方,3
6,,10,,,,,ハグ,,牡,4,5,2,1,小倉,D,1700,良,10,6,門司Ｓ,38.0,先行,10,11,22,京都,D,1900,良,11,6,シトリン,39.5,先行,7,10,8,大井,D,2000,良,4,7,ＪＤクG1,----,差し,5,9,2,盛岡,D,2000,不,2,4,不来方G2,----,先行,3,8,10,新潟,D,1800,不,4,10,レパードG3,37.2,先行,10
6,,11,,,,,クラウンシエンタ,,牡,5,5,2,1,小倉,D,1700,良,3,8,門司Ｓ,36.1,追込,3,1,11,中山,D,1800,良,10,5,ポルック,38.5,中団,5,12,7,中山,D,1800,良,1,1,市川ＳＨ･3勝,37.2,先行,5,11,1,京都,D,1800,重,2,5,ハロウィ･3勝,35.1,差し,6,9,21,中山,D,1800,良,3,3,内房ＳＨ･3勝,38.9,差し,8
7,,12,,,,,アマンテビアンコ,,牡,5,98,4,24,大井,D,1800,不,1,1,羽田盃G1,----,先行,10,2,14,大井,D,1800,良,2,2,雲取賞G3,----,先行,11,11,25,東京,D,1600,良,1,3,カトレア,36.7,差し,6,10,14,東京,D,1600,良,3,1,プラタナ･1勝,37.5,差し,17,6,17,東京,D,1400,良,1,1,新馬,36.5,差し,初
7,,13,,,,,ミッキーヌチバナ,,牡,8,12,12,14,中山,D,1800,稍,7,6,師走ＳＨ(L),37.8,後方,3,11,22,京都,D,1900,良,8,7,シトリン,38.2,先行,15,8,9,札幌,D,1700,稍,3,10,エルムＳG3,36.5,差し,16,4,19,阪神,D,1800,良,4,7,アンタレG3,38.4,先行,3,3,30,中山,D,1800,稍,7,5,マーチＳＨG3,38.5,中団,9
8,,14,,,,,アクションプラン,,牡,6,12,12,14,中山,D,1800,稍,8,3,師走ＳＨ(L),37.7,後方,4,11,16,福島,D,1700,良,3,2,福島民友(L),37.7,差し,44,1,12,中山,D,1800,良,1,3,ポルック,36.9,先行,5,12,8,中山,D,1800,良,3,6,師走ＳＨ(L),38.5,先行,9,10,6,東京,D,1600,重,12,7,グリーン(L),38.1,先行,15
8,,15,,,,,マンマリアーレ,,牝,6,11,12,21,阪神,D,1800,重,14,15,ベテルギ(L),37.3,後方,13,9,20,中山,D,1800,重,5,7,バーレー,38.2,先行,3,8,28,門別,D,2000,良,4,5,ブリーG3,----,差し,4,8,3,中京,D,1800,良,8,7,名鉄杯(L),37.2,後方,13,5,4,東京,D,2100,稍,14,6,ブリリＨ(L),37.2,後方,4
レースID(新),日付S,曜日,場所,開催,R,レース名,クラス名,芝・ダート,距離,コース区分,コーナー回数,馬場状態(暫定),天候(暫定),フルゲート頭数,発走時刻,性別限定,重量種別,年齢限定
2026030806020411,2026.3.8,日,中山,2中4,11,報知杯弥生賞ディープインパクト記念,Ｇ２,芝,2000,A,4,良,晴,18,15:45,,馬齢,３歳
枠番,B,番,印,M2,M3,M4,馬名S,Ｃ,性別,年齢,間隔,月,日,場所,TD,距離,馬場状態,着順,人気,ﾚｰｽ名･1走前,上り3F,決手,前走間隔,月,日,場所,TD,距離,馬場状態,着順,人気,ﾚｰｽ名･2走前,上り3F,決手,前走間隔,月,日,場所,TD,距離,馬場状態,着順,人気,ﾚｰｽ名･3走前,上り3F,決手,前走間隔,月,日,場所,TD,距離,馬場状態,着順,人気,ﾚｰｽ名･4走前,上り3F,決手,前走間隔,月,日,場所,TD,距離,馬場状態,着順,人気,ﾚｰｽ名･5走前,上り3F,決手,前走間隔
1,,1,,,,,ステラスペース,,牡,3,7,1,18,中山,T,2000,良,5,14,京成杯G3,34.7,先行,2,1,5,中山,T,2000,良,1,6,１勝ｸﾗｽ*,36.1,逃げ,4,12,6,中山,T,2000,良,7,8,葉牡丹賞･1勝,36.2,逃げ,7,10,19,新潟,T,2000,稍,1,3,未勝利*,36.3,先行,3,9,28,中山,T,2000,良,3,5,未勝利*,34.7,先行,8
2,,2,,,,,メイショウソラリス,,牡,3,14,11,29,京都,T,2000,良,11,7,京都２歳G3,37.7,先行,5,10,26,京都,T,2000,稍,1,4,未勝利*,35.7,逃げ,3,10,4,京都,T,2000,重,5,2,新馬,35.2,先行,初,,,,,,,,,,,,,,,,,,,,,,,,
3,,3,,,,,コスモギガンティア,,牡,3,9,1,4,中山,T,1600,良,5,7,ジュニア(L),33.9,後方,3,12,17,川崎,D,1600,稍,5,8,全日本G1,----,後方,5,11,6,船橋,D,1500,稍,1,1,サンス,----,先行,3,10,18,東京,T,1800,良,7,7,アイビー(L),34.1,後方,11,8,6,川崎,D,1500,良,1,1,オオム,----,先行,4
4,,4,,,,,ライヒスアドラー,,牡,3,15,11,24,東京,T,1800,良,3,2,東京スポG2,32.9,差し,10,9,14,中山,T,1800,良,1,1,新馬,33.1,先行,初,,,,,,,,,,,,,,,,,,,,,,,,,,,,,,,,,,,,
5,,5,,,,,タイダルロック,,牡,3,7,1,18,中山,T,2000,良,4,9,京成杯G3,34.2,追込,16,9,27,中山,T,2000,良,6,2,芙蓉Ｓ,35.1,中団,12,7,6,福島,T,2000,良,1,1,新馬,34.8,先行,初,,,,,,,,,,,,,,,,,,,,,,,,
6,,6,,,,,アドマイヤクワッズ,,牡,3,11,12,21,阪神,T,1600,重,3,1,フューチG1,34.6,差し,5,11,15,京都,T,1600,良,1,1,デイリーG2,34.0,追込,4,10,18,東京,T,1600,良,1,1,新馬,33.3,差し,初,,,,,,,,,,,,,,,,,,,,,,,,
7,,7,,,,,モウエエデショー,,牡,3,3,2,15,小倉,T,1800,稍,1,4,未勝利,34.7,差し,6,1,4,中山,T,1600,良,9,10,未勝利,35.1,中団,2,12,21,中山,T,1600,重,5,15,未勝利*,35.7,後方,14,9,14,中山,D,1800,稍,10,9,未勝利*,43.8,中団,2,8,30,新潟,D,1800,良,12,8,未勝利*,42.8,中団,3
7,,8,,,,,バステール,,牡,3,11,12,20,阪神,T,2000,良,1,1,未勝利*,33.9,差し,3,11,30,東京,T,1800,良,2,1,新馬,33.2,差し,初,,,,,,,,,,,,,,,,,,,,,,,,,,,,,,,,,,,,
8,,9,,,,,アメテュストス,,牡,3,7,1,18,中山,T,2000,良,8,8,京成杯G3,34.5,中団,6,12,6,中山,T,2000,良,止,3,葉牡丹賞･1勝,----,,10,9,27,中山,T,2000,良,2,5,芙蓉Ｓ,35.3,先行,10,7,19,福島,T,1800,良,1,2,未勝利*,36.3,差し,6,6,8,東京,T,1800,良,4,5,新馬,35.6,先行,初
8,,10,,,,,バリオス,,牡,3,5,1,31,京都,T,2000,良,1,1,新馬,34.3,差し,初,,,,,,,,,,,,,,,,,,,,,,,,,,,,,,,,,,,,,,,,,,,,,,,,
レースID(新),日付S,曜日,場所,開催,R,レース名,クラス名,芝・ダート,距離,コース区分,コーナー回数,馬場状態(暫定),天候(暫定),フルゲート頭数,発走時刻,性別限定,重量種別,年齢限定
2026030806020412,2026.3.8,日,中山,2中4,12,,2勝,芝,1200,A,2,良,晴,16,16:25,,定量,４上
枠番,B,番,印,M2,M3,M4,馬名S,Ｃ,性別,年齢,間隔,月,日,場所,TD,距離,馬場状態,着順,人気,ﾚｰｽ名･1走前,上り3F,決手,前走間隔,月,日,場所,TD,距離,馬場状態,着順,人気,ﾚｰｽ名･2走前,上り3F,決手,前走間隔,月,日,場所,TD,距離,馬場状態,着順,人気,ﾚｰｽ名･3走前,上り3F,決手,前走間隔,月,日,場所,TD,距離,馬場状態,着順,人気,ﾚｰｽ名･4走前,上り3F,決手,前走間隔,月,日,場所,TD,距離,馬場状態,着順,人気,ﾚｰｽ名･5走前,上り3F,決手,前走間隔
1,B,1,,,,,エクセルゴールド,,牡,5,7,1,17,中山,T,1200,良,11,14,２勝ｸﾗｽ,33.5,後方,9,11,16,京都,T,1400,良,14,15,２勝ｸﾗｽ,34.4,後方,7,9,27,中山,T,1200,良,14,15,勝浦特別･2勝,33.9,中団,13,6,29,福島,T,1200,良,8,7,郡山特別･2勝,35.4,先行,4,5,31,京都,T,1400,良,11,8,２勝ｸﾗｽ,36.6,先行,6
1,,2,,,,,トーセントラム,,牡,6,4,2,10,京都,T,1200,良,3,7,２勝ｸﾗｽ,33.7,追込,6,12,27,中山,T,1200,良,7,8,ベストウ･2勝,34.2,後方,3,12,6,中山,T,1200,良,4,11,２勝ｸﾗｽ,33.0,差し,10,9,27,阪神,T,1600,良,10,12,２勝ｸﾗｽ,34.4,先行,4,8,31,札幌,T,1200,稍,9,16,ＨＢＣＨ･2勝,34.7,後方,連
2,B,3,,,,,レザンノワール,,牡,5,7,1,17,中山,T,1200,良,7,7,２勝ｸﾗｽ,33.9,先行,6,12,7,阪神,T,1400,良,8,12,２勝ｸﾗｽ,35.2,中団,4,11,9,東京,T,1400,良,6,11,２勝ｸﾗｽ,33.0,後方,6,9,27,中山,T,1200,良,8,12,勝浦特別･2勝,33.6,中団,43,11,30,中山,T,1200,良,12,3,２勝ｸﾗｽ,34.6,後方,9
2,,4,,,,,ロードトレゾール,,牡,5,3,2,15,小倉,T,1200,稍,6,6,大濠特Ｈ･2勝,35.3,逃げ,3,1,25,中山,D,1200,良,12,6,２勝ｸﾗｽ,38.9,先行,2,1,11,中山,D,1200,良,3,14,２勝ｸﾗｽ,38.0,先行,10,11,2,京都,D,1200,稍,12,13,２勝ｸﾗｽ,37.2,先行,7,9,15,阪神,D,1200,良,11,8,新涼特別･2勝,37.0,後方,2
3,,5,,,,,ビービーエフォート,,牝,4,19,10,26,京都,T,1200,稍,12,5,壬生特別･2勝,33.6,後方,3,10,5,京都,T,1200,稍,7,8,２勝ｸﾗｽ,33.4,後方,9,8,3,新潟,T,1200,良,1,1,１勝ｸﾗｽ,34.0,差し,3,7,13,福島,T,1200,良,3,2,１勝ｸﾗｽ,34.8,差し,15,3,30,中京,T,1200,良,1,6,未勝利,34.1,差し,4
3,,6,,,,,アオイレーギーナ,,牝,4,4,2,10,京都,T,1200,良,2,3,２勝ｸﾗｽ,33.9,追込,15,10,26,京都,T,1200,稍,2,6,壬生特別･2勝,33.5,差し,14,7,20,小倉,T,1200,良,10,4,耶馬渓特･2勝,35.4,中団,8,5,25,京都,T,1200,重,1,4,１勝ｸﾗｽ*,34.9,先行,6,4,12,阪神,T,1200,良,6,7,１勝ｸﾗｽ*,33.9,後方,5
4,,7,,,,,レイククレセント,,牝,5,2,2,22,東京,T,1400,良,5,4,２勝ｸﾗｽ,34.8,先行,9,12,20,阪神,T,1200,良,3,3,２勝ｸﾗｽ,33.8,差し,4,11,23,東京,T,1400,良,4,3,２勝ｸﾗｽ,33.3,差し,7,10,5,東京,T,1400,良,1,1,１勝ｸﾗｽ,33.5,差し,3,9,14,中山,T,1600,良,2,4,１勝ｸﾗｽ,34.8,先行,12
4,,8,,,,,ホウオウシェリー,,牝,5,3,2,15,東京,T,1600,良,5,6,２勝ｸﾗｽ,34.9,逃げ,10,12,7,中京,T,1600,良,4,7,志摩特Ｈ･2勝,34.1,逃げ,3,11,15,東京,T,1600,良,3,8,２勝ｸﾗｽ,34.0,逃げ,6,10,5,東京,T,1400,良,15,7,ｔｖｋ賞･2勝,35.2,逃げ,8,8,9,新潟,T,1800,良,13,6,三面川特･2勝,35.6,先行,8
5,,9,,,,,ピースフルナイト,,牝,6,8,1,10,京都,T,1200,良,6,9,鹿ケ谷Ｈ･2勝,33.9,中団,6,11,29,京都,T,1200,良,4,15,２勝ｸﾗｽ,34.0,差し,5,10,26,京都,T,1200,稍,11,11,壬生特別･2勝,33.9,中団,10,8,16,中京,T,1200,良,10,4,知多特別･2勝,33.4,中団,3,7,27,中京,T,1200,良,1,3,１勝ｸﾗｽ,33.9,先行,2
5,,10,,,,,スムースベルベット,,牝,6,3,2,15,小倉,T,1200,稍,7,5,大濠特Ｈ･2勝,34.7,中団,4,1,17,中山,T,1200,良,3,10,２勝ｸﾗｽ,33.5,差し,3,12,27,中山,T,1200,良,2,14,ベストウ･2勝,34.6,差し,7,11,9,東京,D,1300,稍,12,14,２勝ｸﾗｽ,38.2,中団,12,8,16,札幌,T,1200,良,9,10,知床特別･2勝,34.1,先行,2
6,,11,,,,,ジャガード,,牡,8,7,1,17,中山,T,1200,良,12,15,２勝ｸﾗｽ,33.4,後方,6,12,6,中山,T,1200,良,8,12,２勝ｸﾗｽ,33.2,後方,13,9,6,札幌,T,1200,良,11,16,札幌スポ･2勝,34.7,後方,2,8,23,札幌,T,1200,良,10,11,WASJ第１･2勝,35.2,中団,3,8,3,札幌,T,1200,良,10,12,苫小牧特･2勝,34.2,後方,3
6,,12,,,,,メイショウミリオレ,,牝,5,3,2,15,小倉,T,1200,稍,12,12,大濠特Ｈ･2勝,34.7,後方,39,5,17,京都,T,1200,不,6,9,２勝ｸﾗｽ,33.8,後方,3,4,26,福島,T,1200,良,11,12,福島中Ｈ･2勝,34.1,後方,8,3,1,阪神,T,1400,良,11,8,２勝ｸﾗｽ,35.5,中団,3,2,9,京都,T,1200,稍,4,8,２勝ｸﾗｽ,34.4,追込,連
7,,13,,,,,カリーシ,,牝,5,8,1,10,京都,T,1200,良,12,10,鹿ケ谷Ｈ･2勝,33.9,後方,3,12,20,阪神,T,1200,良,7,7,２勝ｸﾗｽ,34.1,中団,7,11,2,京都,T,1400,良,10,9,２勝ｸﾗｽ,33.7,中団,4,10,5,京都,T,1200,稍,5,12,２勝ｸﾗｽ,34.2,中団,5,8,31,札幌,T,1200,稍,10,6,ＨＢＣＨ･2勝,35.2,中団,2
7,,14,,,,,ダイヤモンドフジ,,牡,7,8,1,10,京都,T,1200,良,14,18,鹿ケ谷Ｈ･2勝,34.2,中団,18,9,6,札幌,T,1200,良,15,15,札幌スポ･2勝,34.8,後方,2,8,23,札幌,T,1200,良,14,14,WASJ第１･2勝,35.2,後方,25,3,1,小倉,T,1200,良,12,15,西日本新･2勝,34.6,後方,3,2,9,小倉,T,1200,稍,1,3,１勝ｸﾗｽ,35.1,先行,9
8,,15,,,,,ピコアーガイル,,牡,5,13,12,7,中山,D,1200,良,6,6,２勝ｸﾗｽ,37.8,先行,4,11,8,福島,T,1200,良,9,4,飯坂温泉･2勝,35.3,中団,16,7,20,函館,T,1200,良,2,5,潮騒特別･2勝,34.5,逃げ,10,5,10,東京,T,1400,稍,11,3,２勝ｸﾗｽ,35.8,先行,3,4,19,中山,T,1200,良,2,3,袖ケ浦特･2勝,33.2,差し,5
8,B,16,,,,,ポッドロワール,,牡,4,2,2,22,東京,T,1400,良,2,6,２勝ｸﾗｽ,34.1,差し,15,11,9,東京,T,1400,良,2,4,２勝ｸﾗｽ,33.0,差し,5,10,5,東京,T,1400,良,6,4,ｔｖｋ賞･2勝,34.5,先行,5,8,30,新潟,T,1400,良,1,7,新発田城･1勝,34.6,先行,13,5,31,東京,T,1400,稍,9,7,１勝ｸﾗｽ*,34.9,後方,3
レースID(新),日付S,曜日,場所,開催,R,レース名,クラス名,芝・ダート,距離,コース区分,コーナー回数,馬場状態(暫定),天候(暫定),フルゲート頭数,発走時刻,性別限定,重量種別,年齢限定
2026030809010601,2026.3.8,日,阪神,1阪6,1,,未勝利,ダート,1800,,4,良,曇,16,09:50,,馬齢,３歳
枠番,B,番,印,M2,M3,M4,馬名S,Ｃ,性別,年齢,間隔,月,日,場所,TD,距離,馬場状態,着順,人気,ﾚｰｽ名･1走前,上り3F,決手,前走間隔,月,日,場所,TD,距離,馬場状態,着順,人気,ﾚｰｽ名･2走前,上り3F,決手,前走間隔,月,日,場所,TD,距離,馬場状態,着順,人気,ﾚｰｽ名･3走前,上り3F,決手,前走間隔,月,日,場所,TD,距離,馬場状態,着順,人気,ﾚｰｽ名･4走前,上り3F,決手,前走間隔,月,日,場所,TD,距離,馬場状態,着順,人気,ﾚｰｽ名･5走前,上り3F,決手,前走間隔
1,,1,,,,,プッシュフォワード,,牡,3,初,,,,,,,,,,,,,,,,,,,,,,,,,,,,,,,,,,,,,,,,,,,,,,,,,,,,,,,,,,,,
2,,2,,,,,マーゴットデイズ,,牡,3,7,1,17,京都,D,1900,良,4,6,未勝利,39.0,差し,4,12,21,阪神,D,1800,稍,6,5,未勝利*,39.5,中団,2,12,7,中京,D,1800,良,8,5,未勝利*,39.6,先行,4,11,8,京都,D,1800,良,5,4,未勝利*,38.7,中団,8,9,13,阪神,D,1800,良,5,5,未勝利*,39.4,中団,3
3,B,3,,,,,シャマレル,,牡,3,2,2,21,阪神,D,1400,良,14,11,未勝利,38.6,後方,14,11,15,京都,D,1400,良,9,10,未勝利*,37.6,後方,3,10,25,京都,T,1600,良,13,7,新馬,37.5,後方,初,,,,,,,,,,,,,,,,,,,,,,,,
4,B,4,,,,,アーサーバローズ,,牡,3,5,1,31,京都,D,1800,良,3,4,未勝利,37.5,先行,連,1,24,小倉,D,1700,良,9,6,未勝利,40.6,ﾏｸﾘ,7,12,6,阪神,D,1800,良,11,5,未勝利*,39.4,中団,3,11,15,京都,D,1800,良,6,4,未勝利*,38.1,先行,7,9,27,阪神,D,1800,良,2,3,未勝利*,38.1,先行,連
5,,5,,,,,サンライズハリー,,牡,3,初,,,,,,,,,,,,,,,,,,,,,,,,,,,,,,,,,,,,,,,,,,,,,,,,,,,,,,,,,,,,
5,,6,,,,,ロードヴェリタス,,牡,3,3,2,14,京都,D,1900,稍,3,5,未勝利,37.9,先行,3,1,25,京都,D,1900,良,8,5,未勝利,38.8,後方,2,1,12,京都,D,1800,良,7,5,新馬,37.0,後方,初,,,,,,,,,,,,,,,,,,,,,,,,
6,,7,,,,,ルファーダ,,牡,3,3,2,15,京都,D,1800,良,2,3,未勝利,37.0,先行,12,11,23,京都,D,1800,良,2,3,未勝利*,38.8,先行,5,10,18,京都,D,1400,稍,6,4,未勝利*,37.9,中団,2,10,5,京都,D,1400,重,7,6,未勝利*,38.0,中団,15,6,22,阪神,D,1200,良,5,7,新馬,38.3,中団,初
6,,8,,,,,ギレイ,,牡,3,8,1,11,京都,D,1800,良,8,10,未勝利,38.7,中団,3,12,21,阪神,T,1800,重,10,9,新馬,35.7,中団,初,,,,,,,,,,,,,,,,,,,,,,,,,,,,,,,,,,,,
7,,9,,,,,ラッキーダイヤ,,牡,3,8,1,10,京都,T,2400,良,18,11,未勝利,39.2,後方,6,11,29,京都,D,1800,良,7,10,新馬,39.5,中団,初,,,,,,,,,,,,,,,,,,,,,,,,,,,,,,,,,,,,
7,,10,,,,,マスターストーン,,牡,3,3,2,14,京都,D,1800,稍,7,5,新馬,41.7,逃げ,初,,,,,,,,,,,,,,,,,,,,,,,,,,,,,,,,,,,,,,,,,,,,,,,,
8,,11,,,,,サンライズフリード,,牡,3,9,1,4,京都,D,1800,良,7,15,未勝利,39.7,中団,3,12,13,阪神,D,1400,良,11,5,新馬,39.4,中団,初,,,,,,,,,,,,,,,,,,,,,,,,,,,,,,,,,,,,
8,,12,,,,,サウンドラッシュ,,牡,3,3,2,15,小倉,D,1700,稍,9,13,未勝利,38.8,中団,4,1,17,京都,D,1200,良,10,8,未勝利,38.5,中団,3,12,27,阪神,D,1200,稍,5,10,未勝利*,37.7,中団,3,12,7,阪神,D,1400,良,11,12,未勝利*,40.1,中団,12,9,15,阪神,T,2000,良,5,5,未勝利*,34.6,後方,2
レースID(新),日付S,曜日,場所,開催,R,レース名,クラス名,芝・ダート,距離,コース区分,コーナー回数,馬場状態(暫定),天候(暫定),フルゲート頭数,発走時刻,性別限定,重量種別,年齢限定
2026030809010602,2026.3.8,日,阪神,1阪6,2,,未勝利,ダート,1200,,2,良,曇,16,10:20,,馬齢,３歳
枠番,B,番,印,M2,M3,M4,馬名S,Ｃ,性別,年齢,間隔,月,日,場所,TD,距離,馬場状態,着順,人気,ﾚｰｽ名･1走前,上り3F,決手,前走間隔,月,日,場所,TD,距離,馬場状態,着順,人気,ﾚｰｽ名･2走前,上り3F,決手,前走間隔,月,日,場所,TD,距離,馬場状態,着順,人気,ﾚｰｽ名･3走前,上り3F,決手,前走間隔,月,日,場所,TD,距離,馬場状態,着順,人気,ﾚｰｽ名･4走前,上り3F,決手,前走間隔,月,日,場所,TD,距離,馬場状態,着順,人気,ﾚｰｽ名･5走前,上り3F,決手,前走間隔
1,,1,,,,,マリーイメル,,牝,3,初,,,,,,,,,,,,,,,,,,,,,,,,,,,,,,,,,,,,,,,,,,,,,,,,,,,,,,,,,,,,
1,,2,,,,,アリディプラチノ,,牝,3,11,12,20,中京,D,1200,稍,9,2,未勝利*,38.5,中団,2,12,6,阪神,D,1200,良,2,10,新馬,37.3,先行,初,,,,,,,,,,,,,,,,,,,,,,,,,,,,,,,,,,,,
2,,3,,,,,タナスーペルノーバ,,牡,3,2,2,21,小倉,D,1000,良,5,3,未勝利,36.9,先行,5,1,17,京都,D,1200,良,2,1,未勝利,37.8,先行,2,1,4,京都,D,1200,良,4,2,未勝利,37.3,逃げ,4,12,7,阪神,D,1400,良,4,7,未勝利*,38.5,先行,3,11,15,福島,T,1200,良,7,6,未勝利*,35.6,先行,4
2,,4,,,,,キャスケード,,牝,3,4,2,10,京都,D,1400,良,14,9,未勝利・牝,41.1,後方,8,12,13,阪神,D,1400,良,8,11,未勝利・牝*,38.1,後方,22,7,13,小倉,T,1200,良,6,7,新馬,36.2,中団,初,,,,,,,,,,,,,,,,,,,,,,,,
3,,5,,,,,チェラブ,,牝,3,初,,,,,,,,,,,,,,,,,,,,,,,,,,,,,,,,,,,,,,,,,,,,,,,,,,,,,,,,,,,,
3,,6,,,,,マユナイト,,牝,3,2,2,21,阪神,D,1200,良,7,10,未勝利・牝,38.2,後方,3,1,31,京都,D,1200,良,10,9,未勝利・牝,37.0,後方,6,12,20,中京,D,1200,稍,8,3,未勝利*,38.1,中団,4,11,22,京都,D,1200,良,4,8,未勝利・牝*,37.0,差し,2,11,9,福島,D,1150,良,5,8,未勝利*,37.5,中団,11
4,,7,,,,,アクアマイスター,,牡,3,2,2,22,阪神,D,1200,良,5,4,未勝利,37.5,先行,4,1,24,小倉,D,1000,良,14,4,未勝利,37.6,後方,4,12,27,阪神,D,1200,稍,3,13,未勝利*,37.2,先行,13,9,27,阪神,T,1200,良,12,14,未勝利*,35.4,後方,2,9,13,阪神,T,1200,良,11,10,新馬,37.9,後方,初
4,B,8,,,,,メッチャエエヤン,,牡,3,4,2,7,小倉,D,1000,良,9,7,未勝利,37.4,中団,21,9,13,阪神,D,1200,良,8,5,未勝利*,40.2,先行,2,8,30,中京,D,1800,良,11,7,未勝利*,42.4,逃げ,10,6,22,阪神,D,1200,良,13,3,新馬,40.8,逃げ,初,,,,,,,,,,,,
5,,9,,,,,アームズレジェンド,,牡,3,18,11,2,京都,D,1400,稍,3,1,新馬,38.9,逃げ,初,,,,,,,,,,,,,,,,,,,,,,,,,,,,,,,,,,,,,,,,,,,,,,,,
5,,10,,,,,チアフルラン,,牡,3,初,,,,,,,,,,,,,,,,,,,,,,,,,,,,,,,,,,,,,,,,,,,,,,,,,,,,,,,,,,,,
6,,11,,,,,カガラプンツェル,,牝,3,3,2,14,小倉,D,1000,良,9,6,未勝利,37.5,逃げ,4,1,18,京都,D,1200,良,15,10,未勝利・牝,39.2,逃げ,22,8,16,中京,D,1200,良,6,5,未勝利*,39.3,先行,5,7,12,小倉,T,1200,良,6,5,未勝利*,36.7,先行,4,6,14,阪神,T,1200,稍,6,5,新馬,36.1,中団,初
6,,12,,,,,プレデンシア,,牝,3,4,2,10,京都,D,1200,良,2,2,未勝利,36.7,追込,3,1,18,京都,D,1200,良,4,4,未勝利・牝,36.9,差し,7,11,30,京都,D,1200,良,4,5,未勝利*,36.6,差し,2,11,16,京都,D,1400,良,6,9,未勝利・牝*,38.1,中団,3,10,25,東京,D,1400,稍,7,5,新馬,37.8,中団,初
7,,13,,,,,イズジョーアザヤカ,,牝,3,初,,,,,,,,,,,,,,,,,,,,,,,,,,,,,,,,,,,,,,,,,,,,,,,,,,,,,,,,,,,,
7,,14,,,,,ジャズホリック,,牝,3,3,2,15,京都,D,1400,良,13,10,未勝利,39.4,中団,5,1,14,名古,D,1500,良,2,3,名古屋,----,先行,9,11,8,京都,D,1800,良,12,10,未勝利・牝*,43.0,後方,3,10,18,京都,D,1400,稍,10,9,新馬,39.0,中団,初,,,,,,,,,,,,
8,B,15,,,,,ルヴレアール,,牡,3,4,2,5,笠松,D,1400,良,3,4,御嶽宿,----,先行,7,12,20,中京,D,1200,稍,16,10,未勝利*,40.0,後方,7,11,1,京都,D,1800,重,16,9,新馬,42.1,後方,初,,,,,,,,,,,,,,,,,,,,,,,,
8,,16,,,,,ラガーダブルエイト,,牝,3,初,,,,,,,,,,,,,,,,,,,,,,,,,,,,,,,,,,,,,,,,,,,,,,,,,,,,,,,,,,,,
レースID(新),日付S,曜日,場所,開催,R,レース名,クラス名,芝・ダート,距離,コース区分,コーナー回数,馬場状態(暫定),天候(暫定),フルゲート頭数,発走時刻,性別限定,重量種別,年齢限定
2026030809010603,2026.3.8,日,阪神,1阪6,3,,未勝利,ダート,1800,,4,良,曇,16,10:50,,馬齢,３歳
枠番,B,番,印,M2,M3,M4,馬名S,Ｃ,性別,年齢,間隔,月,日,場所,TD,距離,馬場状態,着順,人気,ﾚｰｽ名･1走前,上り3F,決手,前走間隔,月,日,場所,TD,距離,馬場状態,着順,人気,ﾚｰｽ名･2走前,上り3F,決手,前走間隔,月,日,場所,TD,距離,馬場状態,着順,人気,ﾚｰｽ名･3走前,上り3F,決手,前走間隔,月,日,場所,TD,距離,馬場状態,着順,人気,ﾚｰｽ名･4走前,上り3F,決手,前走間隔,月,日,場所,TD,距離,馬場状態,着順,人気,ﾚｰｽ名･5走前,上り3F,決手,前走間隔
1,,1,,,,,サンライズジャッジ,,牡,3,初,,,,,,,,,,,,,,,,,,,,,,,,,,,,,,,,,,,,,,,,,,,,,,,,,,,,,,,,,,,,
2,,2,,,,,サンセットロード,,牡,3,7,1,17,京都,D,1900,良,12,8,未勝利,39.3,後方,3,12,27,阪神,D,1800,稍,5,8,新馬,38.5,中団,初,,,,,,,,,,,,,,,,,,,,,,,,,,,,,,,,,,,,
3,,3,,,,,レグラヴィエール,,牡,3,8,1,10,京都,T,2400,良,15,16,未勝利,37.2,後方,4,12,14,阪神,T,2000,良,6,6,新馬,35.3,後方,初,,,,,,,,,,,,,,,,,,,,,,,,,,,,,,,,,,,,
3,,4,,,,,トーレス,,牡,3,初,,,,,,,,,,,,,,,,,,,,,,,,,,,,,,,,,,,,,,,,,,,,,,,,,,,,,,,,,,,,
4,,5,,,,,ブクブクー,,牡,3,6,1,25,京都,D,1800,良,6,10,未勝利,37.1,後方,2,1,11,京都,D,1400,良,12,9,未勝利,39.9,中団,11,10,26,東京,T,1400,稍,14,10,新馬,35.3,中団,初,,,,,,,,,,,,,,,,,,,,,,,,
4,,6,,,,,アメリカンイズム,,牡,3,13,12,7,中京,D,1800,良,7,1,未勝利*,39.3,中団,3,11,16,京都,D,1800,良,2,1,新馬,37.7,先行,初,,,,,,,,,,,,,,,,,,,,,,,,,,,,,,,,,,,,
5,,7,,,,,ピエナオルカ,,牡,3,3,2,14,京都,D,1900,稍,5,2,未勝利,38.1,先行,3,1,25,京都,D,1900,良,3,6,未勝利,38.9,先行,3,1,4,京都,D,1800,良,9,3,未勝利,39.9,中団,3,12,13,阪神,D,1800,良,3,3,未勝利*,38.6,先行,3,11,23,京都,D,1800,良,3,5,未勝利*,38.5,差し,22
5,,8,,,,,ジャッキーバローズ,,牡,3,初,,,,,,,,,,,,,,,,,,,,,,,,,,,,,,,,,,,,,,,,,,,,,,,,,,,,,,,,,,,,
6,,9,,,,,ショーンバローズ,,牡,3,2,2,21,阪神,D,1800,良,4,13,未勝利,38.0,先行,2,2,7,京都,D,1800,良,5,9,未勝利,40.7,後方,10,11,29,京都,D,1800,良,7,9,未勝利*,41.1,中団,2,11,15,京都,D,1400,良,10,8,未勝利*,38.8,中団,2,11,2,京都,D,1400,稍,5,9,新馬,38.9,先行,初
6,,10,,,,,タイセイサーブル,,牡,3,2,2,21,阪神,D,1800,良,6,6,新馬,38.6,中団,初,,,,,,,,,,,,,,,,,,,,,,,,,,,,,,,,,,,,,,,,,,,,,,,,
7,,11,,,,,ストロングボーイ,,牡,3,8,1,12,京都,D,1800,良,9,8,新馬,38.0,中団,初,,,,,,,,,,,,,,,,,,,,,,,,,,,,,,,,,,,,,,,,,,,,,,,,
7,,12,,,,,イロゴルシ,,牡,3,2,2,21,阪神,T,2400,良,11,9,未勝利,38.0,後方,17,10,26,京都,T,2000,稍,7,8,未勝利*,36.5,後方,2,10,13,東京,T,1800,良,10,8,新馬,35.2,後方,初,,,,,,,,,,,,,,,,,,,,,,,,
8,,13,,,,,マイカラー,,牡,3,11,12,21,中京,D,1800,稍,8,4,未勝利*,39.9,中団,2,12,7,中京,D,1800,良,5,7,未勝利*,39.1,先行,9,10,4,京都,D,1400,重,10,7,新馬,37.5,後方,初,,,,,,,,,,,,,,,,,,,,,,,,
8,,14,,,,,ワザオギ,,牡,3,16,11,16,京都,D,1800,良,3,5,新馬,37.5,先行,初,,,,,,,,,,,,,,,,,,,,,,,,,,,,,,,,,,,,,,,,,,,,,,,,
レースID(新),日付S,曜日,場所,開催,R,レース名,クラス名,芝・ダート,距離,コース区分,コーナー回数,馬場状態(暫定),天候(暫定),フルゲート頭数,発走時刻,性別限定,重量種別,年齢限定
2026030809010604,2026.3.8,日,阪神,1阪6,4,,未勝利,ダート,1400,,2,良,曇,16,11:20,,馬齢,３歳
枠番,B,番,印,M2,M3,M4,馬名S,Ｃ,性別,年齢,間隔,月,日,場所,TD,距離,馬場状態,着順,人気,ﾚｰｽ名･1走前,上り3F,決手,前走間隔,月,日,場所,TD,距離,馬場状態,着順,人気,ﾚｰｽ名･2走前,上り3F,決手,前走間隔,月,日,場所,TD,距離,馬場状態,着順,人気,ﾚｰｽ名･3走前,上り3F,決手,前走間隔,月,日,場所,TD,距離,馬場状態,着順,人気,ﾚｰｽ名･4走前,上り3F,決手,前走間隔,月,日,場所,TD,距離,馬場状態,着順,人気,ﾚｰｽ名･5走前,上り3F,決手,前走間隔
1,,1,,,,,コパノルーカス,,牡,3,2,2,22,阪神,D,1200,良,10,9,未勝利,37.1,後方,2,2,8,小倉,D,1700,良,12,14,未勝利,41.2,後方,15,10,25,京都,D,1800,良,8,9,未勝利*,39.5,先行,2,10,11,京都,D,1800,良,5,7,未勝利*,38.0,後方,2,9,27,阪神,D,1400,良,8,12,未勝利*,39.2,後方,5
1,B,2,,,,,アニマレイ,,牡,3,4,2,7,京都,D,1400,良,2,1,未勝利,37.2,先行,2,1,25,小倉,D,1700,良,3,2,未勝利,38.3,先行,2,1,11,京都,D,1400,良,6,3,未勝利,39.2,先行,連,1,4,京都,D,1400,良,5,1,未勝利,38.5,先行,19,8,24,札幌,T,1500,良,3,3,未勝利*,35.5,先行,2
2,,3,,,,,タイムレスラブ,,牝,3,11,12,21,阪神,D,1800,稍,11,12,未勝利*,44.1,後方,2,12,7,阪神,D,1400,良,12,16,未勝利*,39.3,後方,3,11,15,京都,D,1400,良,7,9,未勝利*,37.6,後方,2,11,2,京都,D,1400,稍,10,6,新馬,37.9,後方,初,,,,,,,,,,,,
2,,4,,,,,テイエムテンジン,,牡,3,2,2,22,阪神,D,1800,良,9,8,未勝利,40.4,先行,7,1,4,京都,D,1800,良,12,11,未勝利,41.4,ﾏｸﾘ,3,12,14,中京,D,1800,稍,4,9,新馬,39.0,差し,初,,,,,,,,,,,,,,,,,,,,,,,,
3,,5,,,,,サンライズジョー,,牡,3,7,1,17,中山,D,1800,良,10,8,新馬,41.0,中団,初,,,,,,,,,,,,,,,,,,,,,,,,,,,,,,,,,,,,,,,,,,,,,,,,
3,,6,,,,,リヴァイ,,牡,3,2,2,21,阪神,T,1600,良,7,3,未勝利,34.8,中団,11,12,7,中京,T,1400,良,6,3,新馬,33.5,後方,初,,,,,,,,,,,,,,,,,,,,,,,,,,,,,,,,,,,,
4,,7,,,,,ルーポ,,牡,3,2,2,21,東京,D,1600,良,2,1,新馬,37.9,逃げ,初,,,,,,,,,,,,,,,,,,,,,,,,,,,,,,,,,,,,,,,,,,,,,,,,
4,,8,,,,,マリノムーンリーフ,,牝,3,2,2,21,小倉,D,1000,良,9,8,未勝利,37.0,中団,5,1,18,京都,D,1200,良,6,6,未勝利・牝,37.2,中団,8,11,22,京都,D,1200,良,10,4,未勝利・牝*,36.8,後方,2,11,8,福島,T,1200,良,6,5,新馬,36.0,先行,初,,,,,,,,,,,,
5,,9,,,,,ソロンゴ,,牝,3,初,,,,,,,,,,,,,,,,,,,,,,,,,,,,,,,,,,,,,,,,,,,,,,,,,,,,,,,,,,,,
5,,10,,,,,ワイドシャッフエン,,牝,3,3,2,14,京都,D,1400,稍,5,12,未勝利,38.6,中団,2,1,31,京都,D,1400,良,5,9,未勝利,37.7,中団,2,1,18,京都,D,1200,良,9,15,未勝利・牝,37.6,中団,11,11,1,東京,D,1400,不,8,9,新馬,37.5,中団,初,,,,,,,,,,,,
6,,11,,,,,エボニードール,,牝,3,2,2,21,小倉,T,1200,良,9,9,未勝利・牝,35.2,中団,10,12,13,阪神,T,1200,良,9,7,未勝利*,34.4,後方,3,11,22,京都,D,1200,良,11,6,未勝利・牝*,37.3,中団,8,9,27,阪神,D,1400,良,7,6,未勝利*,40.2,先行,2,9,14,阪神,D,1400,良,4,4,未勝利・牝*,38.8,先行,5
6,,12,,,,,タイキフォルティス,,牡,3,初,,,,,,,,,,,,,,,,,,,,,,,,,,,,,,,,,,,,,,,,,,,,,,,,,,,,,,,,,,,,
7,,13,,,,,トモジャカトゥーラ,,牝,3,3,2,12,名古,D,1500,稍,3,3,名古屋,----,先行,5,1,11,京都,D,1800,良,11,11,新馬・牝,41.5,中団,初,,,,,,,,,,,,,,,,,,,,,,,,,,,,,,,,,,,,
7,,14,,,,,ハギノギフテッド,,牡,3,初,,,,,,,,,,,,,,,,,,,,,,,,,,,,,,,,,,,,,,,,,,,,,,,,,,,,,,,,,,,,
8,,15,,,,,ドナカサミエント,,牝,3,3,2,15,小倉,T,1200,稍,17,15,未勝利,36.6,中団,4,1,17,京都,D,1400,良,12,13,新馬・牝,39.7,先行,初,,,,,,,,,,,,,,,,,,,,,,,,,,,,,,,,,,,,
8,,16,,,,,モンスエ,,牡,3,8,1,11,京都,D,1400,良,5,6,未勝利,38.1,中団,10,11,1,京都,D,1200,不,9,3,未勝利*,37.2,先行,3,10,12,東京,D,1300,良,5,5,新馬,38.1,先行,初,,,,,,,,,,,,,,,,,,,,,,,,
レースID(新),日付S,曜日,場所,開催,R,レース名,クラス名,芝・ダート,距離,コース区分,コーナー回数,馬場状態(暫定),天候(暫定),フルゲート頭数,発走時刻,性別限定,重量種別,年齢限定
2026030809010605,2026.3.8,日,阪神,1阪6,5,,1勝,ダート,1800,,4,良,曇,16,12:10,牝,馬齢,３歳
枠番,B,番,印,M2,M3,M4,馬名S,Ｃ,性別,年齢,間隔,月,日,場所,TD,距離,馬場状態,着順,人気,ﾚｰｽ名･1走前,上り3F,決手,前走間隔,月,日,場所,TD,距離,馬場状態,着順,人気,ﾚｰｽ名･2走前,上り3F,決手,前走間隔,月,日,場所,TD,距離,馬場状態,着順,人気,ﾚｰｽ名･3走前,上り3F,決手,前走間隔,月,日,場所,TD,距離,馬場状態,着順,人気,ﾚｰｽ名･4走前,上り3F,決手,前走間隔,月,日,場所,TD,距離,馬場状態,着順,人気,ﾚｰｽ名･5走前,上り3F,決手,前走間隔
1,,1,,,,,リーチグローリー,,牝,3,3,2,14,京都,D,1800,稍,1,2,未勝利・牝,39.3,先行,3,1,24,京都,D,1800,良,2,7,未勝利・牝,37.8,差し,11,11,8,京都,D,1800,良,6,5,未勝利・牝*,38.7,中団,2,10,26,京都,D,1800,重,6,9,新馬,37.3,後方,初,,,,,,,,,,,,
1,,2,,,,,シャフメラン,,牝,3,6,1,24,京都,D,1800,良,1,2,未勝利・牝,37.8,先行,3,1,5,京都,D,1800,良,4,2,未勝利・牝,37.9,差し,4,12,7,阪神,D,1800,良,3,4,新馬,37.9,先行,初,,,,,,,,,,,,,,,,,,,,,,,,
2,,3,,,,,ルージュビバーチェ,,牝,3,9,1,5,京都,D,1800,良,1,6,未勝利・牝,37.7,先行,5,11,30,京都,T,1800,良,5,6,未勝利*,36.0,中団,7,10,11,京都,T,1400,良,7,7,新馬・牝,34.0,後方,初,,,,,,,,,,,,,,,,,,,,,,,,
2,,4,,,,,ジュワネング,,牝,3,5,2,1,東京,D,1600,良,1,1,未勝利・牝,37.9,先行,8,12,7,中山,D,1800,良,3,4,新馬,38.5,差し,初,,,,,,,,,,,,,,,,,,,,,,,,,,,,,,,,,,,,
3,,5,,,,,マヴィ,,牝,3,17,11,9,東京,D,1400,稍,15,12,オキザリ･1勝,40.9,先行,14,8,3,中京,D,1800,良,1,3,新馬,39.5,逃げ,初,,,,,,,,,,,,,,,,,,,,,,,,,,,,,,,,,,,,
3,B,6,,,,,アーネストアイズ,,牝,3,2,2,22,阪神,D,1800,良,1,3,未勝利・牝,38.0,先行,4,1,24,京都,D,1800,良,6,6,未勝利・牝,38.4,中団,13,10,26,京都,D,1800,重,4,1,未勝利・牝*,39.0,先行,3,10,5,京都,D,1800,重,3,5,新馬,37.4,差し,初,,,,,,,,,,,,
4,,7,,,,,デールエルバハリ,,牝,3,9,1,5,京都,D,1800,良,9,11,１勝ｸﾗｽ*,38.7,中団,3,12,14,中山,D,1800,稍,10,15,１勝ｸﾗｽ*,38.9,後方,13,9,13,中山,D,1800,不,1,2,未勝利・牝*,38.5,差し,2,8,30,札幌,D,1700,重,7,8,新馬,37.4,後方,初,,,,,,,,,,,,
4,,8,,,,,ペンダント,,牝,3,3,2,14,小倉,D,1700,良,1,1,未勝利・牝,38.5,先行,10,12,7,阪神,D,1800,良,2,1,未勝利・牝*,37.1,先行,3,11,16,京都,D,1400,良,2,2,未勝利・牝*,37.0,差し,12,8,24,新潟,T,1600,良,4,2,新馬・牝,33.8,差し,初,,,,,,,,,,,,
5,,9,,,,,キタノファーンヒル,,牝,3,8,1,14,園田,D,1870,良,1,3,多紀連,----,逃げ,8,11,15,福島,D,1700,良,9,12,未勝利*,38.4,中団,8,9,20,阪神,D,1200,良,6,10,新馬,37.3,後方,初,,,,,,,,,,,,,,,,,,,,,,,,
5,,10,,,,,エスティヴァリス,,牝,3,12,12,13,中京,T,1400,良,11,10,つわぶき･1勝,35.8,中団,2,11,30,京都,T,1600,良,9,5,白菊賞･1勝*,37.2,先行,11,9,15,阪神,T,1600,良,1,4,未勝利・牝*,33.4,逃げ,4,8,17,中京,T,1600,良,3,3,新馬,34.2,先行,初,,,,,,,,,,,,
6,,11,,,,,シュネルアンジュ,,牝,3,5,1,31,京都,D,1800,良,5,4,１勝ｸﾗｽ*,36.8,中団,10,11,23,京都,D,1800,良,1,2,新馬・牝,37.1,先行,初,,,,,,,,,,,,,,,,,,,,,,,,,,,,,,,,,,,,
6,,12,,,,,メイショウコマチ,,牝,3,11,12,20,阪神,D,1800,良,1,4,新馬,36.8,差し,初,,,,,,,,,,,,,,,,,,,,,,,,,,,,,,,,,,,,,,,,,,,,,,,,
7,,13,,,,,グラシアムヘール,,牝,3,5,2,1,京都,D,1800,良,1,3,未勝利・牝,37.0,差し,14,10,26,京都,T,1800,稍,7,2,新馬,34.9,先行,初,,,,,,,,,,,,,,,,,,,,,,,,,,,,,,,,,,,,
7,B,14,,,,,ノーブルクラウド,,牝,3,8,1,11,中山,D,1800,良,1,4,未勝利・牝,39.1,先行,3,12,20,中山,D,1800,良,5,11,未勝利・牝*,40.0,後方,3,11,30,東京,D,1600,良,5,13,新馬,38.7,中団,初,,,,,,,,,,,,,,,,,,,,,,,,
8,,15,,,,,エイコーンドリーム,,牝,3,2,2,21,阪神,D,1800,良,1,2,新馬,37.5,先行,初,,,,,,,,,,,,,,,,,,,,,,,,,,,,,,,,,,,,,,,,,,,,,,,,
8,,16,,,,,クイーンズドリーム,,牝,3,8,1,10,京都,D,1800,良,1,2,未勝利・牝,37.8,先行,4,12,14,中京,D,1800,稍,4,4,未勝利・牝*,39.8,差し,11,9,28,阪神,D,1800,良,6,3,新馬,38.3,中団,初,,,,,,,,,,,,,,,,,,,,,,,,
レースID(新),日付S,曜日,場所,開催,R,レース名,クラス名,芝・ダート,距離,コース区分,コーナー回数,馬場状態(暫定),天候(暫定),フルゲート頭数,発走時刻,性別限定,重量種別,年齢限定
2026030809010606,2026.3.8,日,阪神,1阪6,6,,1勝,ダート,2000,,4,良,晴,16,12:40,,定量,４上
枠番,B,番,印,M2,M3,M4,馬名S,Ｃ,性別,年齢,間隔,月,日,場所,TD,距離,馬場状態,着順,人気,ﾚｰｽ名･1走前,上り3F,決手,前走間隔,月,日,場所,TD,距離,馬場状態,着順,人気,ﾚｰｽ名･2走前,上り3F,決手,前走間隔,月,日,場所,TD,距離,馬場状態,着順,人気,ﾚｰｽ名･3走前,上り3F,決手,前走間隔,月,日,場所,TD,距離,馬場状態,着順,人気,ﾚｰｽ名･4走前,上り3F,決手,前走間隔,月,日,場所,TD,距離,馬場状態,着順,人気,ﾚｰｽ名･5走前,上り3F,決手,前走間隔
1,B,1,,,,,タイセイカイザー,,牡,4,13,12,6,中京,D,1900,良,9,5,１勝ｸﾗｽ,38.0,後方,3,11,15,京都,D,1800,良,8,5,１勝ｸﾗｽ,37.2,後方,14,8,10,中京,D,1900,良,4,3,１勝ｸﾗｽ,37.5,差し,13,5,11,東京,D,2100,稍,外,--,１勝ｸﾗｽ*,----,,3,4,20,中山,D,1800,良,11,5,１勝ｸﾗｽ*,38.4,後方,3
2,,2,,,,,ワールドキッス,,牡,4,2,2,22,阪神,D,1800,良,7,9,１勝ｸﾗｽ,39.2,後方,36,6,15,阪神,D,1800,重,12,4,１勝ｸﾗｽ,38.7,後方,3,5,25,京都,D,1900,不,1,7,未勝利,37.7,ﾏｸﾘ,連,5,17,京都,T,1800,不,13,6,未勝利,35.5,後方,22,12,15,中京,T,1600,良,11,5,未勝利*,36.4,中団,3
3,B,3,,,,,オメガドライヴ,,セ,4,2,2,22,阪神,D,1800,良,10,13,１勝ｸﾗｽ,40.2,後方,9,12,20,阪神,D,1800,良,15,12,１勝ｸﾗｽ,40.1,後方,2,12,6,阪神,D,1800,良,10,12,１勝ｸﾗｽ,37.7,後方,19,7,26,札幌,D,1700,良,13,9,１勝ｸﾗｽ,42.1,後方,19,3,15,中山,D,1800,稍,12,11,１勝ｸﾗｽ*,39.7,後方,3
4,,4,,,,,シドニーホバート,,牡,4,3,2,15,小倉,D,2400,稍,9,4,１勝ｸﾗｽ,40.8,逃げ,3,1,24,小倉,D,2400,良,3,3,１勝ｸﾗｽ,38.3,逃げ,10,11,15,福島,D,2400,良,9,4,１勝ｸﾗｽ,41.4,中団,2,11,2,京都,D,1800,稍,12,7,１勝ｸﾗｽ,40.0,逃げ,3,10,11,東京,T,2000,良,8,5,１勝ｸﾗｽ,35.3,中団,11
5,,5,,,,,ニヒトツーゼーア,,牡,4,3,2,15,小倉,D,2400,稍,6,1,１勝ｸﾗｽ,39.0,中団,3,1,24,小倉,D,2400,良,2,2,１勝ｸﾗｽ,38.0,先行,5,12,20,中京,D,1900,稍,6,3,１勝ｸﾗｽ,37.8,中団,14,9,14,阪神,D,2000,良,3,8,１勝ｸﾗｽ,38.6,差し,3,8,23,中京,D,1800,良,2,6,１勝ｸﾗｽ,38.1,追込,10
6,,6,,,,,シーリュウシー,,牡,5,連,2,28,小倉,T,2600,稍,16,13,脊振山特･1勝,38.9,後方,2,2,15,小倉,D,2400,稍,7,8,１勝ｸﾗｽ,39.4,中団,13,11,15,福島,D,2400,良,7,7,１勝ｸﾗｽ,39.6,後方,4,10,19,新潟,D,2500,重,2,6,１勝ｸﾗｽ,38.2,追込,8,8,23,札幌,D,2400,稍,7,4,１勝ｸﾗｽ,39.9,中団,3
7,,7,,,,,メイショウピリカ,,牝,4,4,2,7,小倉,T,2000,稍,9,10,１勝ｸﾗｽ・牝,36.4,中団,4,1,11,京都,T,2000,良,7,14,１勝ｸﾗｽ,34.6,中団,2,12,27,阪神,T,1800,良,13,8,１勝ｸﾗｽ,34.5,後方,2,12,14,中京,T,2000,稍,4,13,１勝ｸﾗｽ・牝,34.5,差し,13,9,14,阪神,T,1600,良,14,12,１勝ｸﾗｽ・牝,33.6,後方,3
8,,8,,,,,テンエースワン,,牡,5,7,1,18,京都,D,1900,良,4,7,１勝ｸﾗｽ,37.8,追込,連,1,11,京都,D,1800,良,7,9,１勝ｸﾗｽ,37.6,後方,6,11,30,京都,D,1800,良,9,11,１勝ｸﾗｽ,37.9,中団,16,8,10,中京,D,1900,良,9,6,１勝ｸﾗｽ,39.6,先行,13,5,10,京都,D,1800,重,6,4,１勝ｸﾗｽ,36.1,中団,4
8,,9,,,,,ブルーストレイル,,牡,5,2,2,22,阪神,D,1800,良,5,14,１勝ｸﾗｽ,38.3,後方,2,2,10,京都,D,1800,良,5,9,１勝ｸﾗｽ,39.5,ﾏｸﾘ,連,2,1,京都,D,1800,良,7,8,１勝ｸﾗｽ,37.0,中団,連,1,24,小倉,D,2400,良,7,6,１勝ｸﾗｽ,40.8,後方,2,1,12,京都,D,1900,良,10,15,１勝ｸﾗｽ,38.2,中団,3
レースID(新),日付S,曜日,場所,開催,R,レース名,クラス名,芝・ダート,距離,コース区分,コーナー回数,馬場状態(暫定),天候(暫定),フルゲート頭数,発走時刻,性別限定,重量種別,年齢限定
2026030809010607,2026.3.8,日,阪神,1阪6,7,,1勝,芝,2000,A,4,良,晴,16,13:10,,定量,４上
枠番,B,番,印,M2,M3,M4,馬名S,Ｃ,性別,年齢,間隔,月,日,場所,TD,距離,馬場状態,着順,人気,ﾚｰｽ名･1走前,上り3F,決手,前走間隔,月,日,場所,TD,距離,馬場状態,着順,人気,ﾚｰｽ名･2走前,上り3F,決手,前走間隔,月,日,場所,TD,距離,馬場状態,着順,人気,ﾚｰｽ名･3走前,上り3F,決手,前走間隔,月,日,場所,TD,距離,馬場状態,着順,人気,ﾚｰｽ名･4走前,上り3F,決手,前走間隔,月,日,場所,TD,距離,馬場状態,着順,人気,ﾚｰｽ名･5走前,上り3F,決手,前走間隔
1,,1,,,,,エレガンシア,,牝,4,4,2,7,小倉,T,2000,稍,7,3,１勝ｸﾗｽ・牝,36.4,中団,8,12,14,中京,T,2000,稍,2,6,１勝ｸﾗｽ・牝,34.4,差し,3,11,22,福島,T,2000,良,7,12,１勝ｸﾗｽ・牝,35.9,先行,13,8,23,札幌,T,1800,稍,外,--,１勝ｸﾗｽ・牝,----,,3,8,3,札幌,T,2000,良,6,7,１勝ｸﾗｽ・牝,35.2,後方,3
2,,2,,,,,イリスレーン,,牝,6,5,1,31,小倉,T,2000,良,16,12,１勝ｸﾗｽ,39.0,逃げ,連,1,25,小倉,T,1800,良,12,9,１勝ｸﾗｽ・牝,37.9,後方,17,9,28,阪神,T,1800,良,9,12,１勝ｸﾗｽ,35.4,先行,3,9,7,札幌,T,1800,稍,7,3,１勝ｸﾗｽ・牝,39.6,先行,2,8,23,札幌,T,1800,稍,2,8,１勝ｸﾗｽ・牝,35.7,先行,4
3,,3,,,,,ワイドモヒート,,牡,5,20,10,18,京都,T,2000,良,8,6,１勝ｸﾗｽ,37.8,先行,4,9,21,阪神,T,2000,良,13,10,１勝ｸﾗｽ,39.6,逃げ,46,11,2,福島,T,1800,稍,10,2,１勝ｸﾗｽ・若,37.5,先行,3,10,14,新潟,T,2000,良,1,4,１勝ｸﾗｽ・若,36.2,逃げ,9,8,11,中京,T,2000,良,12,1,未勝利,37.0,先行,3
4,,4,,,,,ハルフロンティア,,牡,4,2,2,21,小倉,D,1700,良,10,11,１勝ｸﾗｽ,38.7,後方,14,11,15,福島,D,2400,良,12,6,１勝ｸﾗｽ,41.6,後方,10,9,7,札幌,D,1700,稍,3,6,未勝利,38.0,差し,4,8,9,札幌,D,1700,重,4,10,未勝利,39.1,先行,連,8,2,札幌,D,1700,良,3,8,未勝利,37.4,差し,8
5,,5,,,,,アスクコモンタレヴ,,牡,4,4,2,7,京都,T,2400,良,2,1,１勝ｸﾗｽ,33.7,先行,3,1,18,京都,T,2400,良,2,2,１勝ｸﾗｽ,35.5,先行,4,12,21,阪神,T,2200,重,5,1,１勝ｸﾗｽ,36.6,中団,2,12,7,中京,T,2200,良,5,1,栄特別･1勝,34.0,後方,12,9,15,阪神,T,2200,良,1,1,未勝利,34.9,差し,連
6,,6,,,,,ジェルブロア,,牝,4,2,2,21,小倉,T,1800,良,4,4,１勝ｸﾗｽ・牝,35.9,差し,23,9,14,阪神,T,1600,良,7,7,１勝ｸﾗｽ・牝,33.1,中団,2,8,31,新潟,T,2000,良,6,4,１勝ｸﾗｽ・牝,35.4,先行,8,7,5,小倉,T,1800,良,1,3,未勝利,36.2,先行,3,6,14,阪神,T,1600,稍,6,11,未勝利・牝,34.7,中団,初
7,B,7,,,,,ウインポセイドン,,牡,4,3,2,15,小倉,T,2600,稍,10,7,１勝ｸﾗｽ,36.0,先行,30,7,19,函館,T,1800,良,14,8,湯浜特別･1勝,35.8,中団,12,4,27,福島,T,2000,良,1,5,未勝利,34.9,差し,6,3,15,中京,T,2000,良,8,9,未勝利,36.3,中団,3,2,22,小倉,T,1800,良,4,4,未勝利,35.4,差し,5
8,,8,,,,,ビゾー,,牡,4,58,1,26,中京,T,2200,良,1,2,未勝利,35.3,先行,2,1,11,中山,T,2000,良,6,2,新馬,35.9,中団,初,,,,,,,,,,,,,,,,,,,,,,,,,,,,,,,,,,,,
8,B,9,,,,,マイネルビスマルク,,牡,4,2,2,22,小倉,T,2000,良,12,5,１勝ｸﾗｽ,36.5,中団,3,1,31,小倉,T,2000,良,2,9,１勝ｸﾗｽ,35.2,追込,22,8,30,中京,T,2200,良,4,5,未勝利,34.6,差し,2,8,17,中京,T,2000,良,6,2,未勝利,35.1,先行,2,8,2,中京,T,2000,良,2,4,未勝利,34.4,差し,2
レースID(新),日付S,曜日,場所,開催,R,レース名,クラス名,芝・ダート,距離,コース区分,コーナー回数,馬場状態(暫定),天候(暫定),フルゲート頭数,発走時刻,性別限定,重量種別,年齢限定
2026030809010608,2026.3.8,日,阪神,1阪6,8,,2勝,ダート,1800,,4,良,晴,16,13:40,,定量,４上
枠番,B,番,印,M2,M3,M4,馬名S,Ｃ,性別,年齢,間隔,月,日,場所,TD,距離,馬場状態,着順,人気,ﾚｰｽ名･1走前,上り3F,決手,前走間隔,月,日,場所,TD,距離,馬場状態,着順,人気,ﾚｰｽ名･2走前,上り3F,決手,前走間隔,月,日,場所,TD,距離,馬場状態,着順,人気,ﾚｰｽ名･3走前,上り3F,決手,前走間隔,月,日,場所,TD,距離,馬場状態,着順,人気,ﾚｰｽ名･4走前,上り3F,決手,前走間隔,月,日,場所,TD,距離,馬場状態,着順,人気,ﾚｰｽ名･5走前,上り3F,決手,前走間隔
1,B,1,,,,,ハッピーダンチャン,,牡,4,3,2,14,京都,D,1900,稍,11,5,２勝ｸﾗｽ,41.9,後方,8,12,20,中山,D,2400,良,11,3,香取特別･2勝,41.1,中団,7,11,1,京都,D,1800,重,15,1,２勝ｸﾗｽ,39.1,先行,3,10,13,京都,D,1900,良,1,1,１勝ｸﾗｽ,38.6,逃げ,6,8,30,中京,D,1800,良,1,6,未勝利,38.0,先行,3
2,,2,,,,,キングロコマイカイ,,牡,7,4,2,8,小倉,D,1700,良,10,16,由布院特･2勝,38.7,後方,2,1,25,小倉,D,1700,良,11,16,響灘特別･2勝,37.3,後方,79,7,20,札幌,T,2000,良,10,11,釧路湿原･2勝,36.1,中団,12,4,28,新潟,D,1800,良,12,7,五泉特別･2勝,37.3,後方,18,12,24,阪神,D,1800,良,10,12,クリスマ･2勝,38.7,後方,11
3,B,3,,,,,バトンインディ,,牡,5,3,2,14,京都,D,1900,稍,9,12,２勝ｸﾗｽ,40.9,逃げ,4,1,18,京都,D,1800,良,12,13,大津特別･2勝,38.5,逃げ,6,12,7,阪神,D,1800,良,13,13,豊中特別･2勝,40.8,後方,18,8,2,中京,D,1800,良,10,7,日進特別･2勝,40.4,後方,5,6,29,小倉,D,1700,良,6,7,西部日刊･2勝,37.6,後方,4
4,,4,,,,,メイショウソウセキ,,牡,4,4,2,8,小倉,D,1700,良,13,14,由布院特･2勝,39.7,先行,24,8,24,中京,D,1800,良,15,10,大府特別･2勝,41.7,逃げ,2,8,10,中京,D,1800,良,12,7,揖斐川特･2勝,41.2,先行,2,7,26,中京,D,1800,良,1,9,１勝ｸﾗｽ,38.4,逃げ,15,4,12,阪神,D,1800,良,11,7,１勝ｸﾗｽ*,39.0,後方,2
5,,5,,,,,ルクスフレンジー,,牡,4,4,2,10,京都,D,1800,良,1,1,１勝ｸﾗｽ,37.1,先行,5,1,5,京都,D,1800,良,1,14,１勝ｸﾗｽ,37.0,差し,8,11,8,東京,T,1600,良,11,7,１勝ｸﾗｽ,33.6,後方,8,9,13,阪神,T,1800,良,10,4,未勝利,34.3,後方,2,8,30,中京,T,1600,良,4,3,未勝利,34.3,追込,10
6,B,6,,,,,ノボリクレバー,,牝,6,3,2,14,京都,D,1900,稍,2,4,２勝ｸﾗｽ,38.5,先行,14,11,9,京都,D,1800,重,12,4,２勝ｸﾗｽ・牝,37.5,中団,2,10,25,京都,D,1900,良,4,5,北國新聞･2勝,38.7,先行,19,6,15,阪神,D,1800,重,7,1,逆瀬川特･2勝,38.3,中団,2,6,1,京都,D,1800,良,2,8,與杼特別･2勝,38.3,先行,13
7,,7,,,,,ショーダンサー,,牡,4,7,1,18,京都,D,1800,良,3,3,大津特別･2勝,36.9,差し,3,12,28,阪神,D,1800,良,2,3,２勝ｸﾗｽ,37.4,差し,15,9,13,阪神,D,1800,良,5,3,鳥取特別･2勝,37.3,後方,3,8,24,中京,D,1800,良,3,1,大府特別･2勝,36.5,差し,3,8,2,中京,D,1800,良,1,2,１勝ｸﾗｽ,37.7,追込,16
8,,8,,,,,マッスルバック,,牡,5,6,1,25,京都,D,1800,良,7,7,２勝ｸﾗｽ,37.2,先行,3,1,4,京都,D,1800,良,6,10,天ケ瀬特･2勝,37.6,先行,10,10,26,東京,D,1600,不,6,12,三鷹特別･2勝,34.6,後方,26,4,26,福島,D,1700,良,1,3,１勝ｸﾗｽ,37.9,先行,4,3,30,中山,D,1800,稍,4,6,１勝ｸﾗｽ,38.6,追込,連
8,,9,,,,,タイガースパーク,,牡,6,3,2,14,京都,D,1900,稍,3,9,２勝ｸﾗｽ,37.7,追込,2,1,31,京都,D,1400,良,12,9,長浜特別･2勝,36.8,後方,3,1,11,京都,D,1400,良,6,12,２勝ｸﾗｽ,35.9,後方,18,9,7,阪神,D,1400,良,11,7,２勝ｸﾗｽ,36.8,後方,3,8,17,中京,D,1400,良,6,7,大垣特別･2勝,36.1,後方,3
レースID(新),日付S,曜日,場所,開催,R,レース名,クラス名,芝・ダート,距離,コース区分,コーナー回数,馬場状態(暫定),天候(暫定),フルゲート頭数,発走時刻,性別限定,重量種別,年齢限定
2026030809010609,2026.3.8,日,阪神,1阪6,9,アルメリア賞,1勝,芝,1800,A,2,良,晴,18,14:15,,馬齢,３歳
枠番,B,番,印,M2,M3,M4,馬名S,Ｃ,性別,年齢,間隔,月,日,場所,TD,距離,馬場状態,着順,人気,ﾚｰｽ名･1走前,上り3F,決手,前走間隔,月,日,場所,TD,距離,馬場状態,着順,人気,ﾚｰｽ名･2走前,上り3F,決手,前走間隔,月,日,場所,TD,距離,馬場状態,着順,人気,ﾚｰｽ名･3走前,上り3F,決手,前走間隔,月,日,場所,TD,距離,馬場状態,着順,人気,ﾚｰｽ名･4走前,上り3F,決手,前走間隔,月,日,場所,TD,距離,馬場状態,着順,人気,ﾚｰｽ名･5走前,上り3F,決手,前走間隔
1,,1,,,,,カレントゥルーシー,,牡,3,3,2,14,京都,T,1600,良,8,4,こぶし賞･1勝,34.5,中団,6,1,4,京都,T,2000,良,6,4,１勝ｸﾗｽ*,35.3,逃げ,10,10,26,京都,T,1800,稍,4,4,萩Ｓ(L),35.0,逃げ,3,10,4,東京,T,1800,良,1,2,新馬,34.2,逃げ,初,,,,,,,,,,,,
2,,2,,,,,サントルドパリ,,牡,3,6,1,25,中山,T,1800,良,9,5,若竹賞･1勝*,35.7,後方,10,11,16,京都,T,2000,良,8,5,黄菊賞･1勝*,36.7,後方,7,9,28,阪神,T,1800,良,1,2,未勝利*,34.1,追込,3,9,7,札幌,T,2000,稍,3,1,未勝利*,36.7,追込,8,7,12,函館,T,1800,良,2,3,新馬,35.7,ﾏｸﾘ,初
3,,3,,,,,カフジエメンタール,,牡,3,11,12,20,阪神,T,2000,良,3,2,未勝利*,34.7,先行,2,12,6,阪神,T,1800,良,2,2,未勝利*,33.2,先行,11,9,21,阪神,D,1800,良,4,2,新馬,37.6,先行,初,,,,,,,,,,,,,,,,,,,,,,,,
4,,4,,,,,テーオーアルアイン,,牡,3,10,12,27,中山,T,2000,良,9,13,ホープフG1,36.0,逃げ,2,12,14,阪神,T,1800,稍,1,1,未勝利*,35.4,先行,9,10,11,京都,T,1800,良,2,3,未勝利*,34.0,追込,4,9,14,阪神,T,1400,良,4,5,未勝利*,35.0,差し,3,8,23,中京,T,1400,良,4,4,新馬,34.9,先行,初
5,,5,,,,,キーンセンス,,牡,3,2,2,22,東京,T,1600,良,9,8,１勝ｸﾗｽ*,35.7,後方,9,12,21,中京,D,1400,稍,13,7,寒椿賞･1勝*,38.7,中団,9,10,18,京都,D,1400,稍,4,2,なでしこ･1勝,37.2,先行,3,9,27,阪神,D,1400,良,5,1,ヤマボウ･1勝,37.5,先行,6,8,17,中京,D,1400,良,1,2,新馬,37.6,先行,初
6,,6,,,,,ダノンセフィーロ,,牡,3,4,2,10,東京,T,2400,良,7,3,ゆりかも･1勝,34.8,先行,16,10,18,東京,T,1800,良,1,1,未勝利*,34.4,差し,12,7,27,中京,T,2000,良,2,2,新馬,35.0,追込,初,,,,,,,,,,,,,,,,,,,,,,,,
レースID(新),日付S,曜日,場所,開催,R,レース名,クラス名,芝・ダート,距離,コース区分,コーナー回数,馬場状態(暫定),天候(暫定),フルゲート頭数,発走時刻,性別限定,重量種別,年齢限定
2026030809010610,2026.3.8,日,阪神,1阪6,10,岸和田Ｓ,3勝,芝,1600,A,2,良,晴,18,14:50,,定量,４上
枠番,B,番,印,M2,M3,M4,馬名S,Ｃ,性別,年齢,間隔,月,日,場所,TD,距離,馬場状態,着順,人気,ﾚｰｽ名･1走前,上り3F,決手,前走間隔,月,日,場所,TD,距離,馬場状態,着順,人気,ﾚｰｽ名･2走前,上り3F,決手,前走間隔,月,日,場所,TD,距離,馬場状態,着順,人気,ﾚｰｽ名･3走前,上り3F,決手,前走間隔,月,日,場所,TD,距離,馬場状態,着順,人気,ﾚｰｽ名･4走前,上り3F,決手,前走間隔,月,日,場所,TD,距離,馬場状態,着順,人気,ﾚｰｽ名･5走前,上り3F,決手,前走間隔
1,,1,,,,,ファインライン,,牡,5,3,2,15,東京,T,1600,良,11,10,雲雀Ｓ･3勝,32.9,後方,7,12,28,中山,T,1600,良,10,12,ファイＨ･3勝,33.9,後方,5,11,23,東京,T,1600,良,3,10,秋色ＳＨ･3勝,33.5,差し,6,10,12,京都,T,1600,良,10,5,三年坂Ｈ･3勝,34.1,後方,6,8,31,札幌,T,1500,稍,10,5,日高Ｓ･3勝,36.3,中団,14
2,,2,,,,,フライングブレード,,牡,6,4,2,10,京都,T,1600,良,5,10,石清水Ｓ･3勝,34.3,中団,4,1,11,京都,T,1600,良,3,14,新春Ｓ･3勝,34.4,先行,3,12,21,阪神,T,1400,重,9,14,六甲アイ･3勝,34.8,先行,2,12,6,中京,T,1400,良,8,10,飛騨Ｓ･3勝,33.6,後方,2,11,23,東京,T,1600,良,12,15,秋色ＳＨ･3勝,33.8,後方,4
3,,3,,,,,プッシュオン,,牡,6,16,11,16,京都,T,1800,良,8,3,ドンカＨ･3勝,33.3,後方,5,10,12,京都,T,1600,良,4,4,三年坂Ｈ･3勝,33.1,追込,4,9,14,阪神,T,1600,良,5,6,仲秋Ｓ･3勝,33.1,後方,17,5,18,新潟,T,1800,良,10,3,弥彦Ｓ･3勝,34.7,後方,6,4,6,阪神,T,1600,良,4,2,夢洲Ｓ･3勝,33.2,差し,3
3,,4,,,,,ユハンヌス,,牡,6,2,2,22,阪神,T,1400,良,3,3,戎橋Ｓ･3勝,33.8,先行,3,2,1,東京,T,1400,良,10,3,節分Ｓ･3勝,33.8,中団,8,12,6,中京,T,1400,良,3,2,飛騨Ｓ･3勝,33.1,差し,3,11,15,東京,T,1400,良,3,4,奥多摩Ｓ･3勝,32.8,追込,6,10,4,東京,T,1400,良,2,8,白秋ＳＨ･3勝,33.2,差し,4
4,,5,,,,,ケーブパール,,牝,5,6,1,25,京都,T,1400,良,10,3,山城ＳＨ･3勝,33.6,後方,13,10,25,京都,T,1400,良,4,3,長岡京Ｓ･3勝,33.0,追込,6,9,15,阪神,T,1400,良,1,3,モーリ･2勝,33.8,追込,2,8,30,中京,T,1400,良,2,4,桑名特別･2勝,32.8,追込,16,5,10,京都,T,1600,稍,7,2,久御山特･2勝,35.0,先行,28
4,,6,,,,,ネーヴェフレスカ,,牝,4,4,2,10,京都,T,1600,良,13,9,石清水Ｓ･3勝,35.3,中団,8,12,14,阪神,T,1600,良,1,4,甲東特別･2勝,34.4,先行,9,10,12,東京,T,1600,良,10,11,鷹巣山Ｈ･2勝,32.8,後方,4,9,14,中山,T,1600,良,2,7,御宿特別･2勝,33.1,先行,8,7,19,小倉,D,1700,重,7,2,熊本城特･2勝,37.9,先行,10
5,,7,,,,,タイセイカレント,,牡,4,2,2,22,阪神,T,1400,良,2,1,戎橋Ｓ･3勝,33.9,先行,3,2,1,東京,T,1400,良,2,4,節分Ｓ･3勝,33.3,差し,6,12,21,阪神,T,1400,重,4,4,六甲アイ･3勝,34.2,差し,6,11,9,東京,T,1400,良,1,2,２勝ｸﾗｽ,32.6,追込,2,10,25,東京,T,1400,稍,2,7,精進湖特･2勝,33.5,差し,3
5,,8,,,,,ミナデオロ,,牡,5,26,9,6,阪神,T,1800,良,2,5,西宮Ｓ･3勝,34.0,先行,4,8,10,新潟,T,1800,重,3,6,佐渡Ｓ･3勝,33.9,差し,8,6,15,阪神,T,1600,稍,5,13,花のみち･3勝,34.9,先行,50,6,30,福島,T,1800,良,10,9,ラジオNIＨG3,36.3,先行,5,5,26,京都,T,1800,良,1,4,白百合Ｓ(L),33.7,逃げ,3
6,,9,,,,,スマートワイス,,牡,5,5,2,1,東京,T,1400,良,4,1,節分Ｓ･3勝,33.8,先行,6,12,21,阪神,T,1400,重,2,3,六甲アイ･3勝,34.5,先行,8,10,25,京都,T,1400,良,2,2,長岡京Ｓ･3勝,33.9,先行,4,9,27,中山,T,1600,良,14,3,秋風Ｓ･3勝,35.1,後方,14,6,22,東京,T,1400,良,2,4,多摩川Ｓ･3勝,33.7,差し,35
6,,10,,,,,ミストレス,,牝,4,11,12,21,阪神,T,1400,重,11,8,六甲アイ･3勝,34.4,後方,2,12,6,中京,T,1400,良,5,6,飛騨Ｓ･3勝,33.3,中団,連,11,29,京都,T,1400,良,5,3,東山ＳＨ･3勝,33.5,中団,7,10,11,京都,T,1400,良,1,5,宇治川特･2勝,33.4,差し,2,9,27,阪神,T,1600,良,7,7,２勝ｸﾗｽ,33.5,後方,2
7,,11,,,,,スイープアワーズ,,牡,6,4,2,10,京都,T,1600,良,2,11,石清水Ｓ･3勝,33.8,追込,9,12,7,阪神,T,1800,良,8,15,元町ＳＨ･3勝,33.0,後方,15,8,24,新潟,T,1600,良,17,10,長岡ＳＨ･3勝,34.1,後方,10,6,15,阪神,T,1600,稍,10,11,花のみち･3勝,33.6,後方,7,4,27,京都,T,1800,良,14,3,センテＨ･3勝,33.7,後方,6
7,,12,,,,,エイムフォーエース,,牡,5,3,2,15,東京,T,1600,良,12,12,雲雀Ｓ･3勝,32.9,後方,3,1,24,京都,T,1400,良,1,4,２勝ｸﾗｽ,33.2,差し,4,12,28,阪神,T,1600,良,6,7,フォーＨ･2勝,32.8,後方,3,12,7,阪神,T,1400,良,4,16,２勝ｸﾗｽ,33.8,追込,8,10,11,京都,T,1400,良,11,11,宇治川特･2勝,33.4,後方,2
8,,13,,,,,ウォーターガーベラ,,牝,4,4,2,10,京都,T,1600,良,6,3,石清水Ｓ･3勝,34.6,中団,14,11,1,東京,T,1600,良,7,8,紅葉Ｓ･3勝,32.9,中団,3,10,12,京都,T,1600,良,3,2,三年坂Ｈ･3勝,33.2,追込,26,4,13,阪神,T,1600,稍,14,11,桜花賞G1,36.3,中団,6,3,2,阪神,T,1600,良,2,7,チューリG2,33.2,追込,3
8,,14,,,,,ミッキージュエリー,,牝,4,8,1,11,京都,T,1600,良,2,1,新春Ｓ･3勝,34.2,先行,9,11,8,京都,T,1600,良,2,1,清水Ｓ･3勝,34.1,先行,8,9,14,阪神,T,1800,良,16,6,ローズＳG2,37.5,先行,9,7,13,函館,T,1800,良,1,1,北海Ｈ･2勝,34.8,逃げ,9,5,11,京都,T,1600,良,1,3,１勝ｸﾗｽ*,35.4,逃げ,12
レースID(新),日付S,曜日,場所,開催,R,レース名,クラス名,芝・ダート,距離,コース区分,コーナー回数,馬場状態(暫定),天候(暫定),フルゲート頭数,発走時刻,性別限定,重量種別,年齢限定
2026030809010611,2026.3.8,日,阪神,1阪6,11,大阪城Ｓ,OP(L),芝,1800,A,2,良,晴,18,15:30,,別定,４上
枠番,B,番,印,M2,M3,M4,馬名S,Ｃ,性別,年齢,間隔,月,日,場所,TD,距離,馬場状態,着順,人気,ﾚｰｽ名･1走前,上り3F,決手,前走間隔,月,日,場所,TD,距離,馬場状態,着順,人気,ﾚｰｽ名･2走前,上り3F,決手,前走間隔,月,日,場所,TD,距離,馬場状態,着順,人気,ﾚｰｽ名･3走前,上り3F,決手,前走間隔,月,日,場所,TD,距離,馬場状態,着順,人気,ﾚｰｽ名･4走前,上り3F,決手,前走間隔,月,日,場所,TD,距離,馬場状態,着順,人気,ﾚｰｽ名･5走前,上り3F,決手,前走間隔
1,,1,,,,,トーセンリョウ,,牡,7,21,10,13,東京,T,2000,良,2,5,オクトＨ(L),33.7,差し,17,6,14,東京,T,1800,良,3,3,ジューン,33.7,追込,5,5,10,東京,T,1800,稍,3,10,エプソムG3,34.1,追込,9,3,9,阪神,T,1800,良,2,4,大阪城Ｓ(L),33.5,差し,5,2,1,東京,T,2000,良,8,1,白富士Ｓ(L),34.1,後方,8
2,,2,,,,,ドラゴンブースト,,牡,4,4,2,7,京都,D,1900,良,16,9,アルデバ,44.9,後方,7,12,21,中山,T,1800,重,1,4,ディセン(L),35.2,逃げ,29,6,1,東京,T,2400,良,15,18,東京優駿G1,34.7,後方,6,4,20,中山,T,2000,良,17,17,皐月賞G1,36.0,中団,13,1,19,中山,T,2000,良,2,7,京成杯G3,36.0,先行,5
3,,3,,,,,ショウナンマグマ,,セ,7,連,3,1,中山,T,1800,良,13,8,中山記念G2,34.0,後方,10,12,21,中山,T,1800,重,4,7,ディセン(L),35.3,先行,2,12,6,阪神,T,1800,良,12,11,鳴尾記念G3,36.1,逃げ,6,10,25,京都,T,1800,良,3,9,カシオペ(L),35.5,逃げ,6,9,13,阪神,T,2000,良,15,15,チャレンＨG3,38.3,先行,9
4,,4,,,,,ナムラエイハブ,,牡,5,2,2,22,小倉,T,1800,良,4,5,小倉大賞ＨG3,35.1,先行,11,12,6,阪神,T,1800,良,9,5,鳴尾記念G3,35.3,先行,6,10,25,京都,T,1800,良,2,4,カシオペ(L),34.2,先行,8,8,31,新潟,T,2000,良,8,11,新潟記念G3,33.3,先行,6,7,20,小倉,T,2000,良,8,8,小倉記念ＨG3,36.9,中団,9
4,,5,,,,,テリオスララ,,牝,4,4,2,10,東京,T,1800,良,1,5,初音Ｓ･3勝,33.2,逃げ,16,10,19,東京,T,1800,良,10,4,甲斐路Ｈ･3勝,34.3,中団,6,9,7,中山,T,2000,良,7,6,紫苑ＳG2,34.1,先行,5,8,2,札幌,T,2000,良,13,1,ＳＴＶＨ･3勝,35.7,中団,34,12,8,京都,T,1600,良,3,7,阪神ジュG1,35.1,差し,6
5,,6,,,,,グランディア,,セ,7,9,1,4,中山,T,2000,良,3,4,中山金杯ＨG3,34.0,差し,2,12,21,中山,T,1800,重,2,3,ディセン(L),34.9,差し,25,6,29,函館,T,2000,良,13,5,函館記念ＨG3,36.5,中団,11,4,13,福島,T,2000,良,5,1,福島民報(L),34.8,後方,6,3,2,中山,T,1800,良,7,11,中山記念G2,34.3,中団,20
5,B,7,,,,,ヤマニンサンパ,,牡,8,9,1,4,京都,T,1600,良,15,12,京都金杯ＨG3,33.6,後方,14,9,28,阪神,T,1600,良,1,7,ポートア(L),33.4,差し,7,8,9,新潟,T,1800,良,5,5,関越ＳＨ,32.4,後方,10,6,1,京都,T,1400,良,11,4,安土城Ｈ(L),33.2,後方,3,5,11,新潟,T,1400,稍,9,2,谷川岳Ｓ(L),35.2,中団,9
6,,8,,,,,サブマリーナ,,牡,5,7,1,18,京都,T,2400,良,9,4,日経新春ＨG2,33.7,後方,15,10,5,京都,T,2400,稍,16,6,京都大賞G2,35.9,先行,3,9,13,阪神,T,2000,良,4,3,チャレンＨG3,34.8,差し,17,5,17,新潟,T,2000,稍,2,3,新潟大賞ＨG3,33.8,追込,9,3,15,阪神,T,1800,良,1,2,難波Ｓ･3勝,33.5,差し,14
6,,9,,,,,リラエンブレム,,牡,4,40,6,1,東京,T,2400,良,10,10,東京優駿G1,34.4,中団,9,3,29,阪神,T,1800,良,7,1,毎日杯G3,33.7,中団,11,1,13,中京,T,1600,良,1,3,シンザンG3,35.1,差し,11,10,27,京都,T,1600,良,1,1,新馬,34.4,先行,初,,,,,,,,,,,,
7,,10,,,,,ブラックシールド,,牡,7,3,2,14,京都,T,1600,良,10,12,洛陽ＳＨ(L),33.5,中団,10,12,6,阪神,T,1800,良,6,12,鳴尾記念G3,33.8,後方,8,10,13,東京,T,2000,良,9,11,オクトＨ(L),35.2,逃げ,4,9,14,中山,T,2000,良,1,5,レインＨ･3勝,34.5,逃げ,15,6,1,東京,T,1800,良,17,11,むらさＨ･3勝,36.5,中団,7
7,,11,,,,,ブルーミンデザイン,,牡,5,12,12,13,阪神,T,1600,良,8,4,リゲルＳ(L),34.1,先行,11,9,28,阪神,T,1600,良,4,1,ポートア(L),33.8,差し,6,8,17,中京,T,1600,良,9,6,中京記念G3,33.5,中団,9,6,15,阪神,T,1600,稍,1,3,花のみち･3勝,34.6,先行,7,4,27,京都,T,1800,良,2,6,センテＨ･3勝,33.3,差し,4
8,,12,,,,,トゥデイイズザデイ,,牡,7,23,9,28,阪神,T,1600,良,9,5,ポートア(L),34.0,後方,7,8,9,新潟,T,1800,良,9,3,関越ＳＨ,32.8,後方,8,6,14,東京,T,1800,良,2,9,ジューン,34.8,逃げ,19,2,1,東京,T,2000,良,11,5,白富士Ｓ(L),34.4,後方,11,11,16,京都,T,2000,良,12,4,アンドＨ(L),36.2,先行,3
8,,13,,,,,ニホンピロキーフ,,牡,6,3,2,14,京都,T,1600,良,5,1,洛陽ＳＨ(L),33.0,中団,3,1,24,京都,T,1600,良,3,3,睦月Ｓ,32.7,差し,7,12,6,阪神,T,1800,良,5,10,鳴尾記念G3,33.9,中団,5,11,2,京都,T,1600,良,3,3,まほろＨ(L),34.1,先行,15,7,20,小倉,T,2000,良,10,11,小倉記念ＨG3,37.3,先行,4
レースID(新),日付S,曜日,場所,開催,R,レース名,クラス名,芝・ダート,距離,コース区分,コーナー回数,馬場状態(暫定),天候(暫定),フルゲート頭数,発走時刻,性別限定,重量種別,年齢限定
2026030809010612,2026.3.8,日,阪神,1阪6,12,,2勝,ダート,1400,,2,良,晴,16,16:10,,定量,４上
枠番,B,番,印,M2,M3,M4,馬名S,Ｃ,性別,年齢,間隔,月,日,場所,TD,距離,馬場状態,着順,人気,ﾚｰｽ名･1走前,上り3F,決手,前走間隔,月,日,場所,TD,距離,馬場状態,着順,人気,ﾚｰｽ名･2走前,上り3F,決手,前走間隔,月,日,場所,TD,距離,馬場状態,着順,人気,ﾚｰｽ名･3走前,上り3F,決手,前走間隔,月,日,場所,TD,距離,馬場状態,着順,人気,ﾚｰｽ名･4走前,上り3F,決手,前走間隔,月,日,場所,TD,距離,馬場状態,着順,人気,ﾚｰｽ名･5走前,上り3F,決手,前走間隔
1,,1,,,,,ストーンズ,,牡,5,3,2,15,東京,D,1400,良,3,2,２勝ｸﾗｽ,36.1,先行,10,12,6,中京,D,1800,良,1,1,１勝ｸﾗｽ・若,37.6,先行,4,11,9,福島,D,1700,良,2,2,１勝ｸﾗｽ・若,38.0,逃げ,9,9,7,阪神,D,1800,良,4,2,１勝ｸﾗｽ,39.6,先行,11,6,21,阪神,D,1800,良,6,3,１勝ｸﾗｽ,38.7,先行,4
2,B,2,,,,,グラティアスミノル,,牡,5,7,1,18,京都,D,1800,良,15,15,大津特別･2勝,37.8,後方,8,11,22,京都,D,1400,良,9,15,２勝ｸﾗｽ,37.7,後方,6,10,12,東京,D,1300,良,13,15,２勝ｸﾗｽ,37.1,中団,11,7,26,中京,D,1400,良,15,13,四日市特･2勝,38.4,後方,14,4,19,阪神,D,1400,良,10,8,吹田特別･2勝,38.3,先行,3
3,B,3,,,,,ストラテージュ,,牡,4,3,2,14,小倉,D,1000,良,6,8,伊万里特･2勝,35.3,中団,6,1,5,京都,D,1200,良,8,11,２勝ｸﾗｽ,37.2,中団,23,7,27,札幌,D,1000,不,1,4,１勝ｸﾗｽ,34.4,先行,連,7,20,函館,D,1000,良,5,6,１勝ｸﾗｽ,35.7,中団,3,6,29,函館,D,1000,良,1,5,未勝利,35.4,先行,2
3,,4,,,,,モズタチアガレ,,牡,4,3,2,14,京都,D,1400,稍,1,3,１勝ｸﾗｽ,37.8,先行,連,2,7,小倉,D,1700,良,7,1,１勝ｸﾗｽ,38.1,先行,17,10,11,京都,D,1400,良,5,2,１勝ｸﾗｽ,37.3,中団,3,9,20,阪神,D,1400,良,4,2,１勝ｸﾗｽ,37.5,先行,3,8,30,中京,D,1400,良,2,2,１勝ｸﾗｽ,37.4,差し,3
4,,5,,,,,ワーズワース,,牡,8,13,12,6,阪神,D,1400,良,6,5,２勝ｸﾗｽ,37.2,中団,6,10,25,東京,D,1400,稍,4,3,２勝ｸﾗｽ,35.0,追込,3,10,5,京都,D,1400,重,3,7,２勝ｸﾗｽ,35.2,追込,4,9,7,阪神,D,1400,良,7,2,２勝ｸﾗｽ,36.4,後方,13,6,8,阪神,D,1400,良,2,2,洲本特別･2勝,36.3,差し,2
4,B,6,,,,,フィリップ,,牡,5,2,2,22,東京,D,1400,良,8,11,大島特別･2勝,37.2,先行,6,1,11,京都,D,1400,良,10,11,２勝ｸﾗｽ,37.5,中団,3,12,20,中京,D,1400,稍,3,2,ヤングジ･2勝,37.8,逃げ,5,11,16,東京,D,1400,良,6,4,２勝ｸﾗｽ,37.2,先行,23,6,8,東京,D,1400,良,5,1,八王子特･2勝,36.6,先行,3
5,,7,,,,,カルパ,,牡,5,8,1,11,京都,D,1400,良,7,6,２勝ｸﾗｽ,37.0,中団,11,10,25,東京,D,1400,稍,5,4,２勝ｸﾗｽ,35.3,中団,12,8,2,中京,D,1400,良,1,3,１勝ｸﾗｽ,37.5,差し,15,4,19,阪神,D,1400,良,3,3,１勝ｸﾗｽ,38.5,先行,3,3,30,中京,D,1400,良,4,1,１勝ｸﾗｽ,37.1,差し,3
5,B,8,,,,,スナークシュンソウ,,牡,8,2,2,22,阪神,D,1400,良,8,15,２勝ｸﾗｽ,36.9,中団,8,12,27,阪神,D,1400,稍,12,16,２勝ｸﾗｽ,38.1,後方,26,6,29,小倉,D,1700,良,11,15,西部日刊･2勝,38.6,後方,7,5,11,京都,D,1400,稍,13,13,２勝ｸﾗｽ,37.3,中団,4,4,12,阪神,D,1200,良,8,9,２勝ｸﾗｽ,36.7,後方,3
6,,9,,,,,サンライズプルート,,牡,6,4,2,10,京都,D,1200,良,14,10,２勝ｸﾗｽ,39.4,中団,15,10,25,新潟,D,1200,良,1,1,１勝ｸﾗｽ,36.8,逃げ,6,9,13,阪神,T,1400,良,8,7,１勝ｸﾗｽ,35.7,逃げ,16,5,25,京都,T,1400,重,13,3,１勝ｸﾗｽ,34.8,中団,3,5,4,新潟,T,1400,良,4,4,１勝ｸﾗｽ,35.7,先行,11
6,,10,,,,,リメンバーヒム,,牡,4,13,12,6,阪神,D,1400,良,10,7,２勝ｸﾗｽ,37.5,中団,2,11,22,京都,D,1400,良,2,4,２勝ｸﾗｽ,36.8,追込,9,9,21,阪神,D,1400,良,8,5,２勝ｸﾗｽ,36.7,中団,2,9,6,阪神,D,1400,稍,1,2,１勝ｸﾗｽ,36.4,先行,11,6,22,阪神,D,1400,良,1,1,未勝利,38.2,先行,2
7,,11,,,,,ペイドラロワール,,牡,4,2,2,22,阪神,D,1400,良,2,8,２勝ｸﾗｽ,36.9,先行,9,12,20,中京,D,1400,稍,1,8,１勝ｸﾗｽ,37.0,先行,7,11,1,京都,D,1400,重,11,8,１勝ｸﾗｽ,37.6,中団,2,10,19,京都,D,1400,稍,3,7,１勝ｸﾗｽ,37.5,先行,連,10,13,京都,D,1200,良,8,11,１勝ｸﾗｽ,36.6,後方,4
7,B,12,,,,,ニューオーリンズ,,牡,4,8,1,11,京都,D,1400,良,5,2,２勝ｸﾗｽ,37.6,逃げ,2,12,28,阪神,D,1400,良,1,2,１勝ｸﾗｽ,37.3,逃げ,22,7,27,中京,D,1400,良,9,2,１勝ｸﾗｽ,38.6,中団,4,6,29,小倉,D,1700,良,4,5,１勝ｸﾗｽ,40.2,逃げ,10,4,20,阪神,D,1400,良,1,3,未勝利,38.8,先行,3
8,,13,,,,,チュウワチーフ,,牡,4,3,2,14,東京,D,1600,良,7,4,２勝ｸﾗｽ,37.3,先行,12,11,23,東京,D,1600,良,4,2,２勝ｸﾗｽ,36.0,先行,4,10,26,東京,D,1600,不,1,1,１勝ｸﾗｽ,35.2,先行,2,10,11,京都,D,1400,良,3,8,１勝ｸﾗｽ,37.1,先行,19,6,1,京都,D,1400,良,7,2,１勝ｸﾗｽ*,38.2,中団,3
8,,14,,,,,ダミエ,,牡,6,連,2,28,小倉,D,1700,重,10,14,早鞆特Ｈ･2勝,37.8,後方,12,12,6,中京,D,1200,良,9,9,中京日経･2勝,36.2,後方,4,11,9,東京,D,1300,稍,7,11,２勝ｸﾗｽ,35.7,後方,15,7,26,中京,D,1400,良,11,10,四日市特･2勝,37.0,後方,7,6,8,東京,D,1400,良,8,10,八王子特･2勝,35.8,後方,12
