日付,場所,R,クラス,距離,レースID,馬番,馬名,騎手,スコア,印,期待値スコア,EV補正スコア,単勝オッズ,フィルタ除外,警告,HAHO_戦略対象,HAHO_馬連_買い目,HAHO_馬連_購入額,HAHO_三連複_買い目,HAHO_三連複_購入額,HALO_戦略対象,HALO_三連複_買い目,HALO_三連複_購入額,LALO_戦略対象,LALO_複勝_買い目,LALO_複勝_購入額,CQC_戦略対象,CQC_単勝_買い目,CQC_単勝_購入額,着順,単勝払戻,複勝払戻,馬連払戻,三連複払戻,三連単払戻
2026.3.22,中山,1,未勝利,ダート1200m,2026032206020801,1,バル,菊沢一樹,30.0,△,20.347,0.721,54.2,,,✅,,,,,,,,✅,,,✅,,,,,,,,
2026.3.22,中山,1,未勝利,ダート1200m,2026032206020801,2,シュートザムーン,野中悠太,8.0,,48.185,0.721,479.1,,,✅,,,,,,,,✅,,,✅,,,,,,,,
2026.3.22,中山,1,未勝利,ダート1200m,2026032206020801,3,テルケンレンタッチ,木幡育也,9.1,,28.065,0.721,246.3,,,✅,,,,,,,,✅,,,✅,,,,,,,,
2026.3.22,中山,1,未勝利,ダート1200m,2026032206020801,4,デスサイズ,石川裕紀,47.2,◎,1.003,0.838,1.7,,,✅,4-15 / 4-7,10000,,0,,,0,✅,4,10000,✅,4,10000,,,,,,
2026.3.22,中山,1,未勝利,ダート1200m,2026032206020801,5,メイショウバリスタ,柴田善臣,9.9,,8.278,0.721,66.8,,,✅,,,,,,,,✅,,,✅,,,,,,,,
2026.3.22,中山,1,未勝利,ダート1200m,2026032206020801,6,パンジー,黛弘人,20.1,,35.059,0.721,139.3,,,✅,,,,,,,,✅,,,✅,,,,,,,,
2026.3.22,中山,1,未勝利,ダート1200m,2026032206020801,7,ヨドノティアラ,津村明秀,32.3,▲,2.385,0.771,5.9,,,✅,,,,,,,,✅,,,✅,,,,,,,,
2026.3.22,中山,1,未勝利,ダート1200m,2026032206020801,8,ウシャス,長浜鴻緒,3.1,,19.093,0.721,485.9,,,✅,,,,,,,,✅,,,✅,,,,,,,,
2026.3.22,中山,1,未勝利,ダート1200m,2026032206020801,9,マダックス,大野拓弥,25.6,×,2.626,0.76,8.2,,,✅,,,,,,,,✅,,,✅,,,,,,,,
2026.3.22,中山,1,未勝利,ダート1200m,2026032206020801,10,ハンナパール,吉田豊,12.6,,45.273,0.721,288.3,,,✅,,,,,,,,✅,,,✅,,,,,,,,
2026.3.22,中山,1,未勝利,ダート1200m,2026032206020801,11,シルバープレート,小林脩斗,4.2,,30.122,0.721,576.2,,,✅,,,,,,,,✅,,,✅,,,,,,,,
2026.3.22,中山,1,未勝利,ダート1200m,2026032206020801,12,アクシズ,横山琉人,9.9,,45.457,0.721,366.8,,,✅,,,,,,,,✅,,,✅,,,,,,,,
2026.3.22,中山,1,未勝利,ダート1200m,2026032206020801,13,チョウブク,石田拓郎,9.1,,2.552,0.763,22.4,,,✅,,,,,,,,✅,,,✅,,,,,,,,
2026.3.22,中山,1,未勝利,ダート1200m,2026032206020801,14,ワルキューレキング,原優介,12.4,,1.898,0.779,12.2,,,✅,,,,,,,,✅,,,✅,,,,,,,,
2026.3.22,中山,1,未勝利,ダート1200m,2026032206020801,15,カンノンミッキー,木幡巧也,39.5,◯,3.311,0.729,6.7,,,✅,,,,,,,,✅,,,✅,,,,,,,,
2026.3.22,中山,1,未勝利,ダート1200m,2026032206020801,16,ヘルヴィッツ,横山和生,25.6,,5.477,0.721,17.1,,,✅,,,,,,,,✅,,,✅,,,,,,,,
2026.3.22,中山,2,未勝利,ダート1800m,2026032206020802,1,プリンセスダーコ,原優介,17.3,×,7.882,0.721,36.4,,,✅,,,,,,,,✅,,,✅,,,,,,,,
2026.3.22,中山,2,未勝利,ダート1800m,2026032206020802,2,トーケンジンロック,長浜鴻緒,21.0,△,7.236,0.721,27.6,,,✅,,,,,,,,✅,,,✅,,,,,,,,
2026.3.22,中山,2,未勝利,ダート1800m,2026032206020802,3,イーグルロック,石川裕紀,25.7,▲,1.091,0.843,3.4,,,✅,,,,,,,,✅,,,✅,,,,,,,,
2026.3.22,中山,2,未勝利,ダート1800m,2026032206020802,4,ブッチギレ,横山和生,8.3,,5.791,0.721,55.9,,,✅,,,,,,,,✅,,,✅,,,,,,,,
2026.3.22,中山,2,未勝利,ダート1800m,2026032206020802,5,ネオアカジョウ,上里直汰,1.5,,11.871,0.721,628.6,,,✅,,,,,,,,✅,,,✅,,,,,,,,
2026.3.22,中山,2,未勝利,ダート1800m,2026032206020802,6,アイデアユー,戸崎圭太,55.0,◎,1.305,0.835,1.9,,,✅,6-11 / 3-6,10000,,0,,,0,✅,6,10000,✅,6,10000,,,,,,
2026.3.22,中山,2,未勝利,ダート1800m,2026032206020802,7,ラヴィニアパーク,津村明秀,8.7,,1.232,0.838,11.3,,,✅,,,,,,,,✅,,,✅,,,,,,,,
2026.3.22,中山,2,未勝利,ダート1800m,2026032206020802,8,レッツゴーファイト,小林脩斗,6.3,,38.765,0.721,493.9,,,✅,,,,,,,,✅,,,✅,,,,,,,,
2026.3.22,中山,2,未勝利,ダート1800m,2026032206020802,9,イサチルシーキング,石橋脩,11.8,,1.786,0.78,12.1,,,✅,,,,,,,,✅,,,✅,,,,,,,,
2026.3.22,中山,2,未勝利,ダート1800m,2026032206020802,10,クアッドフォルツァ,佐藤翔馬,11.8,,9.803,0.721,66.4,,,✅,,,,,,,,✅,,,✅,,,,,,,,
2026.3.22,中山,2,未勝利,ダート1800m,2026032206020802,11,ラッキースウィッチ,荻野極,31.0,◯,3.061,0.741,7.9,,,✅,,,,,,,,✅,,,✅,,,,,,,,
2026.3.22,中山,2,未勝利,ダート1800m,2026032206020802,12,ジュンノシャップ,遠藤汰月,9.7,,49.614,0.721,407.7,,,✅,,,,,,,,✅,,,✅,,,,,,,,
2026.3.22,中山,2,未勝利,ダート1800m,2026032206020802,13,ロジシーザ,岩田康誠,11.8,,6.776,0.721,45.9,,,✅,,,,,,,,✅,,,✅,,,,,,,,
2026.3.22,中山,2,未勝利,ダート1800m,2026032206020802,14,ヴァルク,菊沢一樹,11.2,,33.746,0.721,240.6,,,✅,,,,,,,,✅,,,✅,,,,,,,,
2026.3.22,中山,2,未勝利,ダート1800m,2026032206020802,15,シュタットパーク,木幡巧也,5.2,,4.698,0.721,71.8,,,✅,,,,,,,,✅,,,✅,,,,,,,,
2026.3.22,中山,3,1勝,ダート1200m,2026032206020803,1,タイセイエキサイト,長浜鴻緒,9.1,,47.767,0.721,419.2,,,,,,,,,,,,,,,,,,,,,,
2026.3.22,中山,3,1勝,ダート1200m,2026032206020803,2,タカスタカスタカス,三浦皇成,32.3,◯,2.062,0.778,5.1,,,,,,,,,,,,,,,,,,,,,,
2026.3.22,中山,3,1勝,ダート1200m,2026032206020803,3,ヒナノムサシ,柴田善臣,5.6,,16.829,0.721,240.2,,,,,,,,,,,,,,,,,,,,,,
2026.3.22,中山,3,1勝,ダート1200m,2026032206020803,4,ジェイエルキャリア,吉田豊,6.8,,4.496,0.721,53.1,,,,,,,,,,,,,,,,,,,,,,
2026.3.22,中山,3,1勝,ダート1200m,2026032206020803,5,ビップムーラン,戸崎圭太,25.6,△,21.075,0.721,65.8,,,,,,,,,,,,,,,,,,,,,,
2026.3.22,中山,3,1勝,ダート1200m,2026032206020803,6,シエルライズ,菊沢一樹,12.4,,37.296,0.721,239.7,,,,,,,,,,,,,,,,,,,,,,
2026.3.22,中山,3,1勝,ダート1200m,2026032206020803,7,フュルスティン,上里直汰,25.6,×,14.925,0.721,46.6,,,,,,,,,,,,,,,,,,,,,,
2026.3.22,中山,3,1勝,ダート1200m,2026032206020803,8,ライヴレッドアイ,木幡巧也,39.5,◎,1.977,0.779,4.0,,,,,0,,0,,,0,,,0,,,0,,,,,,
2026.3.22,中山,3,1勝,ダート1200m,2026032206020803,9,モーゲンセン,ルメール,9.9,,0.533,0.849,4.3,,,,,,,,,,,,,,,,,,,,,,
2026.3.22,中山,3,1勝,ダート1200m,2026032206020803,10,ファンシーズ,横山琉人,7.8,,5.332,0.721,55.0,,,,,,,,,,,,,,,,,,,,,,
2026.3.22,中山,3,1勝,ダート1200m,2026032206020803,11,エアサロメ,津村明秀,10.4,,1.951,0.779,15.0,,,,,,,,,,,,,,,,,,,,,,
2026.3.22,中山,3,1勝,ダート1200m,2026032206020803,12,エコロレーヴ,荻野極,10.8,,0.391,0.91,2.9,,,,,,,,,,,,,,,,,,,,,,
2026.3.22,中山,3,1勝,ダート1200m,2026032206020803,13,クイーンレグナント,横山和生,17.4,,4.215,0.721,19.4,,,,,,,,,,,,,,,,,,,,,,
2026.3.22,中山,3,1勝,ダート1200m,2026032206020803,14,ルクスポップスター,石川裕紀,27.0,▲,11.557,0.721,34.3,,,,,,,,,,,,,,,,,,,,,,
2026.3.22,中山,5,未勝利,芝1600m,2026032206020805,1,シヴィータス,横山和生,30.0,△,4.205,0.721,11.2,,,,,,,,,,,,,,,,,,,,,,
2026.3.22,中山,5,未勝利,芝1600m,2026032206020805,2,ジョブックボー,長浜鴻緒,5.6,,8.316,0.721,118.7,,,,,,,,,,,,,,,,,,,,,,
2026.3.22,中山,5,未勝利,芝1600m,2026032206020805,3,ナックキャンドル,谷原柚希,4.2,,12.489,0.721,238.9,,,,,,,,,,,,,,,,,,,,,,
2026.3.22,中山,5,未勝利,芝1600m,2026032206020805,4,カナルサンマルタン,ルメール,38.2,◯,0.574,0.831,1.2,,,,,,,,,,,,,,,,,,,,,,
2026.3.22,中山,5,未勝利,芝1600m,2026032206020805,5,スペシャルシラー,荻野極,1.0,,1.296,0.835,102.0,,,,,,,,,,,,,,,,,,,,,,
2026.3.22,中山,5,未勝利,芝1600m,2026032206020805,6,クールチェンジ,武藤雅,18.7,,15.368,0.721,65.6,,,,,,,,,,,,,,,,,,,,,,
2026.3.22,中山,5,未勝利,芝1600m,2026032206020805,7,ソアサージュ,吉田豊,4.2,,13.764,0.721,263.3,,,,,,,,,,,,,,,,,,,,,,
2026.3.22,中山,5,未勝利,芝1600m,2026032206020805,8,フォワードシャッセ,石川裕紀,3.1,,0.719,0.807,18.3,,,,,,,,,,,,,,,,,,,,,,
2026.3.22,中山,5,未勝利,芝1600m,2026032206020805,9,マイネルトレマーズ,津村明秀,42.7,◎,6.676,0.721,12.5,EV=6.68>=3.0上限除外(valid=59%),,,,0,,0,,,0,,,0,,,0,,,,,,
2026.3.22,中山,5,未勝利,芝1600m,2026032206020805,10,カーヴドヴァン,菊沢一樹,3.1,,8.024,0.721,204.2,,,,,,,,,,,,,,,,,,,,,,
2026.3.22,中山,5,未勝利,芝1600m,2026032206020805,11,アラムベイ,三浦皇成,30.6,▲,9.895,0.721,25.9,,,,,,,,,,,,,,,,,,,,,,
2026.3.22,中山,5,未勝利,芝1600m,2026032206020805,12,ニシノカルラ,横山琉人,3.1,,9.776,0.721,248.8,,,,,,,,,,,,,,,,,,,,,,
2026.3.22,中山,5,未勝利,芝1600m,2026032206020805,13,アクアマーズ,戸崎圭太,21.6,,2.026,0.778,7.5,,,,,,,,,,,,,,,,,,,,,,
2026.3.22,中山,5,未勝利,芝1600m,2026032206020805,14,セイウンラピス,松岡正海,5.6,,9.192,0.721,131.2,,,,,,,,,,,,,,,,,,,,,,
2026.3.22,中山,5,未勝利,芝1600m,2026032206020805,15,ベルバード,岩田康誠,1.0,,1.271,0.836,100.0,,,,,,,,,,,,,,,,,,,,,,
2026.3.22,中山,5,未勝利,芝1600m,2026032206020805,16,リーデレクオーレ,柴田大知,27.0,×,36.659,0.721,108.8,,,,,,,,,,,,,,,,,,,,,,
2026.3.22,中山,6,未勝利,芝2000m,2026032206020806,1,キリスパークル,木幡巧也,3.1,,13.179,0.721,335.4,,,✅,,,,,,,,✅,,,✅,,,,,,,,
2026.3.22,中山,6,未勝利,芝2000m,2026032206020806,2,シーギリヤロック,ルメール,17.4,,0.521,0.854,2.4,,,✅,,,,,,,,✅,,,✅,,,,,,,,
2026.3.22,中山,6,未勝利,芝2000m,2026032206020806,3,フューチャプライム,荻野極,13.8,,3.183,0.735,18.4,,,✅,,,,,,,,✅,,,✅,,,,,,,,
2026.3.22,中山,6,未勝利,芝2000m,2026032206020806,4,ニュークリアス,戸崎圭太,8.0,,1.197,0.839,11.9,,,✅,,,,,,,,✅,,,✅,,,,,,,,
2026.3.22,中山,6,未勝利,芝2000m,2026032206020806,5,フックセンチョウ,野中悠太,1.0,,6.594,0.721,518.9,,,✅,,,,,,,,✅,,,✅,,,,,,,,
2026.3.22,中山,6,未勝利,芝2000m,2026032206020806,6,プレイザリード,三浦皇成,47.1,◎,2.533,0.764,4.3,,,✅,6-10 / 6-7,10000,,0,,,0,✅,6,10000,✅,6,10000,,,,,,
2026.3.22,中山,6,未勝利,芝2000m,2026032206020806,7,タッカーヴァンバン,吉田豊,27.5,▲,11.358,0.721,33.1,,,✅,,,,,,,,✅,,,✅,,,,,,,,
2026.3.22,中山,6,未勝利,芝2000m,2026032206020806,8,ヒコボシ,江田照男,3.1,,17.222,0.721,438.3,,,✅,,,,,,,,✅,,,✅,,,,,,,,
2026.3.22,中山,6,未勝利,芝2000m,2026032206020806,9,ミナヅキ,石橋脩,27.0,△,9.097,0.721,27.0,,,✅,,,,,,,,✅,,,✅,,,,,,,,
2026.3.22,中山,6,未勝利,芝2000m,2026032206020806,10,ホープフルワールド,原優介,30.0,◯,2.553,0.763,6.8,,,✅,,,,,,,,✅,,,✅,,,,,,,,
2026.3.22,中山,6,未勝利,芝2000m,2026032206020806,11,コスモアンタレス,柴田大知,27.0,×,14.758,0.721,43.8,,,✅,,,,,,,,✅,,,✅,,,,,,,,
2026.3.22,中山,6,未勝利,芝2000m,2026032206020806,12,レスター,菊沢一樹,4.2,,4.25,0.721,81.3,,,✅,,,,,,,,✅,,,✅,,,,,,,,
2026.3.22,中山,6,未勝利,芝2000m,2026032206020806,13,カムバックトゥミー,遠藤汰月,5.6,,35.872,0.721,514.1,,,✅,,,,,,,,✅,,,✅,,,,,,,,
2026.3.22,中山,6,未勝利,芝2000m,2026032206020806,14,ジャケットポケット,石川裕紀,20.1,,1.56,0.805,6.2,,,✅,,,,,,,,✅,,,✅,,,,,,,,
2026.3.22,中山,6,未勝利,芝2000m,2026032206020806,15,ハートチャン,上里直汰,4.2,,24.685,0.721,472.2,,,✅,,,,,,,,✅,,,✅,,,,,,,,
2026.3.22,中山,6,未勝利,芝2000m,2026032206020806,16,サフール,小林脩斗,1.0,,2.973,0.745,234.0,,,✅,,,,,,,,✅,,,✅,,,,,,,,
2026.3.22,中山,6,未勝利,芝2000m,2026032206020806,17,イベリスアマラ,武藤雅,1.0,,3.22,0.734,253.4,,,✅,,,,,,,,✅,,,✅,,,,,,,,
2026.3.22,中山,6,未勝利,芝2000m,2026032206020806,18,エラルディーク,津村明秀,3.1,,0.923,0.833,23.5,,,✅,,,,,,,,✅,,,✅,,,,,,,,
2026.3.22,中山,7,1勝,芝2000m,2026032206020807,1,ヘルメスギャング,長浜鴻緒,17.4,×,15.095,0.721,69.6,,,,,,,,,,,,,,,,,,,,,,
2026.3.22,中山,7,1勝,芝2000m,2026032206020807,2,ラディアントスター,戸崎圭太,54.0,◎,1.554,0.806,2.3,,,,,0,,0,,,0,,,0,,,0,,,,,,
2026.3.22,中山,7,1勝,芝2000m,2026032206020807,3,グランアルト,横山琉人,32.5,◯,7.079,0.721,17.4,,,,,,,,,,,,,,,,,,,,,,
2026.3.22,中山,7,1勝,芝2000m,2026032206020807,4,プラウディッツ,ルメール,14.5,,0.291,0.95,1.6,,,,,,,,,,,,,,,,,,,,,,
2026.3.22,中山,7,1勝,芝2000m,2026032206020807,5,フクスケ,木幡育也,5.7,,17.603,0.721,246.0,,,,,,,,,,,,,,,,,,,,,,
2026.3.22,中山,7,1勝,芝2000m,2026032206020807,6,マイネルマスター,津村明秀,24.8,△,4.934,0.721,15.9,,,,,,,,,,,,,,,,,,,,,,
2026.3.22,中山,7,1勝,芝2000m,2026032206020807,7,ノーウェアマン,木幡巧也,8.3,,2.662,0.759,25.7,,,,,,,,,,,,,,,,,,,,,,
2026.3.22,中山,7,1勝,芝2000m,2026032206020807,8,コスモエルヴァル,石川裕紀,25.7,▲,11.485,0.721,35.8,,,,,,,,,,,,,,,,,,,,,,
2026.3.22,中山,8,1勝,ダート1800m,2026032206020808,1,キャストロペペ,野中悠太,3.1,,1.273,0.836,32.4,,,,,,,,,,,,,,,,,,,,,,
2026.3.22,中山,8,1勝,ダート1800m,2026032206020808,2,カルネヴァーレ,石田拓郎,26.6,×,7.361,0.721,22.1,,,,,,,,,,,,,,,,,,,,,,
2026.3.22,中山,8,1勝,ダート1800m,2026032206020808,3,テルケンユミクイン,吉田豊,10.8,,4.179,0.721,31.0,,,,,,,,,,,,,,,,,,,,,,
2026.3.22,中山,8,1勝,ダート1800m,2026032206020808,4,エデルクローネ,戸崎圭太,34.3,◯,2.186,0.777,5.1,,,,,,,,,,,,,,,,,,,,,,
2026.3.22,中山,8,1勝,ダート1800m,2026032206020808,5,ボナーテソーロ,木幡巧也,12.6,,20.839,0.721,132.7,,,,,,,,,,,,,,,,,,,,,,
2026.3.22,中山,8,1勝,ダート1800m,2026032206020808,6,ウーバーストロング,木幡育也,3.1,,18.763,0.721,477.5,,,,,,,,,,,,,,,,,,,,,,
2026.3.22,中山,8,1勝,ダート1800m,2026032206020808,7,ウインイメル,松岡正海,4.2,,3.55,0.721,67.9,,,,,,,,,,,,,,,,,,,,,,
2026.3.22,中山,8,1勝,ダート1800m,2026032206020808,8,オウケンシルヴァー,岩田康誠,39.5,◎,2.125,0.778,4.3,,,,,0,,0,,,0,,,0,,,0,,,,,,
2026.3.22,中山,8,1勝,ダート1800m,2026032206020808,9,ジャクソン,菊沢一樹,10.4,,4.578,0.721,35.2,,,,,,,,,,,,,,,,,,,,,,
2026.3.22,中山,8,1勝,ダート1800m,2026032206020808,10,ハクシンブライアン,大野拓弥,27.0,△,2.291,0.775,6.8,,,,,,,,,,,,,,,,,,,,,,
2026.3.22,中山,8,1勝,ダート1800m,2026032206020808,11,ボルトテソーロ,原優介,3.1,,0.554,0.84,14.1,,,,,,,,,,,,,,,,,,,,,,
2026.3.22,中山,8,1勝,ダート1800m,2026032206020808,12,コルヴィル,黛弘人,17.4,,,0.0,,,,,,,,,,,,,,,,,,,,,,,
2026.3.22,中山,8,1勝,ダート1800m,2026032206020808,13,グランドフォレスト,長浜鴻緒,5.6,,17.852,0.721,254.8,,,,,,,,,,,,,,,,,,,,,,
2026.3.22,中山,8,1勝,ダート1800m,2026032206020808,14,グラスビジョン,柴田善臣,1.0,,2.648,0.759,208.4,,,,,,,,,,,,,,,,,,,,,,
2026.3.22,中山,8,1勝,ダート1800m,2026032206020808,15,ミツカネヴィーナス,遠藤汰月,3.1,,5.705,0.721,145.2,,,,,,,,,,,,,,,,,,,,,,
2026.3.22,中山,8,1勝,ダート1800m,2026032206020808,16,ドゥマーヴェリック,ルメール,34.3,▲,0.986,0.837,2.3,,,,,,,,,,,,,,,,,,,,,,
2026.3.22,中山,9,2勝,ダート1200m,2026032206020809,1,ウォルラス,江田照男,3.1,,13.065,0.721,332.5,,,,,,,,,,,✅,,,✅,,,,,,,,
2026.3.22,中山,9,2勝,ダート1200m,2026032206020809,2,マサノユニコーン,横山琉人,39.5,◎,1.729,0.783,3.5,,,,,0,,0,,,0,✅,2,10000,✅,2,10000,,,,,,
2026.3.22,中山,9,2勝,ダート1200m,2026032206020809,3,デビッドテソーロ,柴田大知,8.0,,21.966,0.721,218.4,,,,,,,,,,,✅,,,✅,,,,,,,,
2026.3.22,中山,9,2勝,ダート1200m,2026032206020809,4,アオカミ,原田和真,3.1,,12.205,0.721,310.6,,,,,,,,,,,✅,,,✅,,,,,,,,
2026.3.22,中山,9,2勝,ダート1200m,2026032206020809,5,レッドレナート,横山和生,21.6,,3.188,0.735,11.8,,,,,,,,,,,✅,,,✅,,,,,,,,
2026.3.22,中山,9,2勝,ダート1200m,2026032206020809,6,イマージョン,三浦皇成,27.0,△,2.19,0.777,6.5,,,,,,,,,,,✅,,,✅,,,,,,,,
2026.3.22,中山,9,2勝,ダート1200m,2026032206020809,7,レイユール,長浜鴻緒,7.8,,2.171,0.777,22.4,,,,,,,,,,,✅,,,✅,,,,,,,,
2026.3.22,中山,9,2勝,ダート1200m,2026032206020809,8,アパッシメント,大野拓弥,3.1,,0.825,0.822,21.0,,,,,,,,,,,✅,,,✅,,,,,,,,
2026.3.22,中山,9,2勝,ダート1200m,2026032206020809,9,スミレファースト,木幡巧也,3.1,,2.908,0.748,74.0,,,,,,,,,,,✅,,,✅,,,,,,,,
2026.3.22,中山,9,2勝,ダート1200m,2026032206020809,10,ライトニングゼウス,菊沢一樹,25.6,×,2.306,0.774,7.2,,,,,,,,,,,✅,,,✅,,,,,,,,
2026.3.22,中山,9,2勝,ダート1200m,2026032206020809,11,キボウノホシ,藤懸貴志,8.5,,4.021,0.721,37.7,,,,,,,,,,,✅,,,✅,,,,,,,,
2026.3.22,中山,9,2勝,ダート1200m,2026032206020809,12,テセラリアン,津村明秀,35.3,▲,5.118,0.721,11.6,,,,,,,,,,,✅,,,✅,,,,,,,,
2026.3.22,中山,9,2勝,ダート1200m,2026032206020809,13,カネショウレジェン,ルメール,39.5,◯,1.433,0.822,2.9,,,,,,,,,,,✅,,,✅,,,,,,,,
2026.3.22,中山,9,2勝,ダート1200m,2026032206020809,14,リリージェーン,原優介,5.6,,6.018,0.721,85.9,,,,,,,,,,,✅,,,✅,,,,,,,,
2026.3.22,中山,9,2勝,ダート1200m,2026032206020809,15,タリエシン,野中悠太,3.1,,12.884,0.721,327.9,,,,,,,,,,,✅,,,✅,,,,,,,,
2026.3.22,中山,9,2勝,ダート1200m,2026032206020809,16,シュヴァルツリーベ,伊藤工真,5.6,,3.846,0.721,54.9,,,,,,,,,,,✅,,,✅,,,,,,,,
2026.3.22,中山,10,3勝,芝1800m,2026032206020810,1,アマイ,原優介,30.0,△,7.471,0.721,19.9,,,,,,,,,,,✅,,,✅,,,,,,,,
2026.3.22,中山,10,3勝,芝1800m,2026032206020810,2,エラン,荻野極,35.3,▲,5.25,0.721,11.9,,,,,,,,,,,✅,,,✅,,,,,,,,
2026.3.22,中山,10,3勝,芝1800m,2026032206020810,3,レディベル,石川裕紀,8.5,,16.98,0.721,159.2,,,,,,,,,,,✅,,,✅,,,,,,,,
2026.3.22,中山,10,3勝,芝1800m,2026032206020810,4,ジュタ,岩田康誠,20.1,,0.906,0.832,3.6,,,,,,,,,,,✅,,,✅,,,,,,,,
2026.3.22,中山,10,3勝,芝1800m,2026032206020810,5,フィーリウス,津村明秀,47.2,◎,2.477,0.767,4.2,,,,,0,,0,,,0,✅,5,10000,✅,5,10000,,,,,,
2026.3.22,中山,10,3勝,芝1800m,2026032206020810,6,モズロックンロール,横山琉人,30.0,×,9.535,0.721,25.4,,,,,,,,,,,✅,,,✅,,,,,,,,
2026.3.22,中山,10,3勝,芝1800m,2026032206020810,7,ドゥカート,菊沢一樹,42.7,◯,6.356,0.721,11.9,,,,,,,,,,,✅,,,✅,,,,,,,,
2026.3.22,中山,10,3勝,芝1800m,2026032206020810,8,エストゥペンダ,戸崎圭太,18.7,,0.515,0.857,2.2,,,,,,,,,,,✅,,,✅,,,,,,,,
2026.3.22,中山,10,3勝,芝1800m,2026032206020810,9,マイネルトルファン,柴田大知,8.0,,4.164,0.721,41.4,,,,,,,,,,,✅,,,✅,,,,,,,,
2026.3.22,中山,11,ｵｰﾌﾟﾝ,ダート1200m,2026032206020811,1,ジャスパーゴールド,松岡正海,4.2,,4.904,0.721,93.8,,,✅,,,,,✅,,,✅,,,✅,,,,,,,,
2026.3.22,中山,11,ｵｰﾌﾟﾝ,ダート1200m,2026032206020811,2,テイエムトッキュウ,石橋脩,3.1,,2.169,0.777,55.2,,,✅,,,,,✅,,,✅,,,✅,,,,,,,,
2026.3.22,中山,11,ｵｰﾌﾟﾝ,ダート1200m,2026032206020811,3,アガシ,三浦皇成,34.3,▲,8.614,0.721,20.1,,,✅,,,,,✅,,,✅,,,✅,,,,,,,,
2026.3.22,中山,11,ｵｰﾌﾟﾝ,ダート1200m,2026032206020811,4,ユキマル,木幡巧也,12.4,,2.443,0.768,15.7,,,✅,,,,,✅,,,✅,,,✅,,,,,,,,
2026.3.22,中山,11,ｵｰﾌﾟﾝ,ダート1200m,2026032206020811,5,ロードフロンティア,原優介,5.6,,2.214,0.777,31.6,,,✅,,,,,✅,,,✅,,,✅,,,,,,,,
2026.3.22,中山,11,ｵｰﾌﾟﾝ,ダート1200m,2026032206020811,6,ルディック,津村明秀,17.4,,2.672,0.758,12.3,,,✅,,,,,✅,,,✅,,,✅,,,,,,,,
2026.3.22,中山,11,ｵｰﾌﾟﾝ,ダート1200m,2026032206020811,7,エートラックス,ルメール,30.6,,2.674,0.758,7.0,,,✅,,,,,✅,,,✅,,,✅,,,,,,,,
2026.3.22,中山,11,ｵｰﾌﾟﾝ,ダート1200m,2026032206020811,8,シークレットヴァウ,武藤雅,5.6,,5.857,0.721,83.6,,,✅,,,,,✅,,,✅,,,✅,,,,,,,,
2026.3.22,中山,11,ｵｰﾌﾟﾝ,ダート1200m,2026032206020811,9,ブレーザー,荻野極,34.2,×,3.974,0.721,9.3,,,✅,,,,,✅,,,✅,,,✅,,,,,,,,
2026.3.22,中山,11,ｵｰﾌﾟﾝ,ダート1200m,2026032206020811,10,ドラゴンウェルズ,戸崎圭太,34.3,△,1.714,0.785,4.0,,,✅,,,,,✅,,,✅,,,✅,,,,,,,,
2026.3.22,中山,11,ｵｰﾌﾟﾝ,ダート1200m,2026032206020811,11,ムーヴ,横山琉人,1.0,,0.374,0.918,29.4,,,✅,,,,,✅,,,✅,,,✅,,,,,,,,
2026.3.22,中山,11,ｵｰﾌﾟﾝ,ダート1200m,2026032206020811,12,メイショウホウレン,菊沢一樹,13.8,,2.335,0.773,13.5,,,✅,,,,,✅,,,✅,,,✅,,,,,,,,
2026.3.22,中山,11,ｵｰﾌﾟﾝ,ダート1200m,2026032206020811,13,エコロガイア,高倉稜,35.3,◯,7.456,0.721,16.9,,,✅,,,,,✅,,,✅,,,✅,,,,,,,,
2026.3.22,中山,11,ｵｰﾌﾟﾝ,ダート1200m,2026032206020811,14,エコロアゼル,岩田康誠,39.5,◎,1.828,0.78,3.7,,,✅,13-14 / 3-14,3800,3-13-14,6000,✅,3-13-14,10000,✅,14,10000,✅,14,10000,,,,,,
2026.3.22,中山,11,ｵｰﾌﾟﾝ,ダート1200m,2026032206020811,15,ショウナンアビアス,柴田善臣,9.9,,2.826,0.751,22.8,,,✅,,,,,✅,,,✅,,,✅,,,,,,,,
2026.3.22,中山,11,ｵｰﾌﾟﾝ,ダート1200m,2026032206020811,16,ケイアイドリー,藤懸貴志,1.0,,1.46,0.818,114.9,,,✅,,,,,✅,,,✅,,,✅,,,,,,,,
2026.3.22,中山,12,2勝,ダート1800m,2026032206020812,1,エーリアル,武藤雅,17.4,,11.992,0.721,55.2,,,,,,,,,,,,,,,,,,,,,,
2026.3.22,中山,12,2勝,ダート1800m,2026032206020812,2,ブリーズオンチーク,吉田豊,4.2,,18.532,0.721,354.5,,,,,,,,,,,,,,,,,,,,,,
2026.3.22,中山,12,2勝,ダート1800m,2026032206020812,3,カーラデマドレ,ルメール,8.5,,0.448,0.886,4.2,,,,,,,,,,,,,,,,,,,,,,
2026.3.22,中山,12,2勝,ダート1800m,2026032206020812,4,エルフストラック,三浦皇成,27.0,△,5.795,0.721,17.2,,,,,,,,,,,,,,,,,,,,,,
2026.3.22,中山,12,2勝,ダート1800m,2026032206020812,5,デファイ,原優介,4.2,,9.446,0.721,180.7,,,,,,,,,,,,,,,,,,,,,,
2026.3.22,中山,12,2勝,ダート1800m,2026032206020812,6,ミラクルキャッツ,大野拓弥,6.8,,4.081,0.721,48.2,,,,,,,,,,,,,,,,,,,,,,
2026.3.22,中山,12,2勝,ダート1800m,2026032206020812,7,パイシャオピン,津村明秀,32.3,▲,1.536,0.808,3.8,,,,,,,,,,,,,,,,,,,,,,
2026.3.22,中山,12,2勝,ダート1800m,2026032206020812,8,マイスターヴェルク,菊沢一樹,18.7,×,3.327,0.729,14.2,,,,,,,,,,,,,,,,,,,,,,
2026.3.22,中山,12,2勝,ダート1800m,2026032206020812,9,サツキノジョウ,岩田康誠,6.8,,3.251,0.732,38.4,,,,,,,,,,,,,,,,,,,,,,
2026.3.22,中山,12,2勝,ダート1800m,2026032206020812,10,フィールオーサム,荻野極,39.5,◎,3.558,0.721,7.2,EV=3.56>=3.0上限除外(valid=59%),,,,0,,0,,,0,,,0,,,0,,,,,,
2026.3.22,中山,12,2勝,ダート1800m,2026032206020812,11,アルドール,石川裕紀,8.0,,2.233,0.777,22.2,,,,,,,,,,,,,,,,,,,,,,
2026.3.22,中山,12,2勝,ダート1800m,2026032206020812,12,コパノエビータ,長浜鴻緒,3.1,,6.939,0.721,176.6,,,,,,,,,,,,,,,,,,,,,,
2026.3.22,中山,12,2勝,ダート1800m,2026032206020812,13,ヴォンフレ,松岡正海,13.8,,4.618,0.721,26.7,,,,,,,,,,,,,,,,,,,,,,
2026.3.22,中山,12,2勝,ダート1800m,2026032206020812,14,レイバックスピン,戸崎圭太,35.3,◯,2.691,0.757,6.1,,,,,,,,,,,,,,,,,,,,,,
2026.3.22,中山,12,2勝,ダート1800m,2026032206020812,15,ヴァリオーサ,柴田善臣,8.0,,12.672,0.721,126.0,,,,,,,,,,,,,,,,,,,,,,
2026.3.22,中山,12,2勝,ダート1800m,2026032206020812,16,コンティオ,横山和生,4.2,,0.329,0.937,6.3,,,,,,,,,,,,,,,,,,,,,,
2026.3.22,中京,1,未勝利,ダート1800m,2026032207010401,1,オドワローズ,亀田温心,11.2,,10.814,0.721,77.1,,,,,,,,,,,,,,,,,,,,,,
2026.3.22,中京,1,未勝利,ダート1800m,2026032207010401,2,ロマンスドール,丸田恭介,1.5,,8.094,0.721,428.6,,,,,,,,,,,,,,,,,,,,,,
2026.3.22,中京,1,未勝利,ダート1800m,2026032207010401,3,ライヴマルガリータ,古川吉洋,6.6,,1.956,0.779,23.6,,,,,,,,,,,,,,,,,,,,,,
2026.3.22,中京,1,未勝利,ダート1800m,2026032207010401,4,メエメエ,永島まな,15.0,△,16.906,0.721,90.1,,,,,,,,,,,,,,,,,,,,,,
2026.3.22,中京,1,未勝利,ダート1800m,2026032207010401,5,コイバナ,幸英明,15.0,×,5.967,0.721,31.8,,,,,,,,,,,,,,,,,,,,,,
2026.3.22,中京,1,未勝利,ダート1800m,2026032207010401,6,コズミックフレア,団野大成,21.9,▲,2.274,0.776,8.3,,,,,,,,,,,,,,,,,,,,,,
2026.3.22,中京,1,未勝利,ダート1800m,2026032207010401,7,ヴァイヴァーイ,小崎綾也,15.0,,4.409,0.721,23.5,,,,,,,,,,,,,,,,,,,,,,
2026.3.22,中京,1,未勝利,ダート1800m,2026032207010401,8,ディレクティオ,吉田隼人,5.7,,17.625,0.721,246.3,,,,,,,,,,,,,,,,,,,,,,
2026.3.22,中京,1,未勝利,ダート1800m,2026032207010401,9,エイカイコバチ,西塚洸二,15.0,,1.07,0.841,5.7,,,,,,,,,,,,,,,,,,,,,,
2026.3.22,中京,1,未勝利,ダート1800m,2026032207010401,10,セレーノ,田山旺佑,29.6,◯,2.441,0.768,6.6,,,,,,,,,,,,,,,,,,,,,,
2026.3.22,中京,1,未勝利,ダート1800m,2026032207010401,11,レステダンルヴァン,吉村誠之,5.7,,0.429,0.894,6.0,,,,,,,,,,,,,,,,,,,,,,
2026.3.22,中京,1,未勝利,ダート1800m,2026032207010401,12,エアトベーレ,嶋田純次,40.5,◎,1.064,0.841,2.1,,,,,0,,0,,,0,,,0,,,0,,,,,,
2026.3.22,中京,1,未勝利,ダート1800m,2026032207010401,13,スーパーシスター,河原田菜,15.0,,9.438,0.721,50.3,,,,,,,,,,,,,,,,,,,,,,
2026.3.22,中京,1,未勝利,ダート1800m,2026032207010401,14,エボニードール,舟山瑠泉,7.9,,6.311,0.721,63.7,,,,,,,,,,,,,,,,,,,,,,
2026.3.22,中京,2,未勝利,ダート1400m,2026032207010402,1,メイショウセンドウ,吉田隼人,24.2,×,2.181,0.777,7.2,,,,,,,,,,,,,,,,,,,,,,
2026.3.22,中京,2,未勝利,ダート1400m,2026032207010402,2,ファイナルフォーム,田山旺佑,1.0,,3.402,0.725,267.7,,,,,,,,,,,,,,,,,,,,,,
2026.3.22,中京,2,未勝利,ダート1400m,2026032207010402,3,レディソフィア,丸野勝虎,3.1,,11.945,0.721,304.0,,,,,,,,,,,,,,,,,,,,,,
2026.3.22,中京,2,未勝利,ダート1400m,2026032207010402,4,スタームーンナイト,横山武史,32.3,△,1.577,0.803,3.9,,,,,,,,,,,,,,,,,,,,,,
2026.3.22,中京,2,未勝利,ダート1400m,2026032207010402,5,バイデント,亀田温心,17.4,,4.236,0.721,19.5,,,,,,,,,,,,,,,,,,,,,,
2026.3.22,中京,2,未勝利,ダート1400m,2026032207010402,6,ジュンクロノシップ,幸英明,6.8,,4.369,0.721,51.6,,,,,,,,,,,,,,,,,,,,,,
2026.3.22,中京,2,未勝利,ダート1400m,2026032207010402,7,セイブルーアイ,長岡禎仁,5.6,,6.852,0.721,97.8,,,,,,,,,,,,,,,,,,,,,,
2026.3.22,中京,2,未勝利,ダート1400m,2026032207010402,8,シンクシビリティ,河原田菜,3.1,,14.924,0.721,379.8,,,,,,,,,,,,,,,,,,,,,,
2026.3.22,中京,2,未勝利,ダート1400m,2026032207010402,9,アルムアポジェ,秋山稔樹,42.9,◯,3.643,0.721,6.8,,,,,,,,,,,,,,,,,,,,,,
2026.3.22,中京,2,未勝利,ダート1400m,2026032207010402,10,デルマアサマ,松若風馬,10.4,,22.578,0.721,173.6,,,,,,,,,,,,,,,,,,,,,,
2026.3.22,中京,2,未勝利,ダート1400m,2026032207010402,11,リューカデンドロン,今村聖奈,8.5,,9.983,0.721,93.6,,,,,,,,,,,,,,,,,,,,,,
2026.3.22,中京,2,未勝利,ダート1400m,2026032207010402,12,ショウナンバーボン,吉村誠之,39.5,▲,6.819,0.721,13.8,,,,,,,,,,,,,,,,,,,,,,
2026.3.22,中京,2,未勝利,ダート1400m,2026032207010402,13,フォーオール,横山典弘,1.0,,0.23,0.95,18.1,,,,,,,,,,,,,,,,,,,,,,
2026.3.22,中京,2,未勝利,ダート1400m,2026032207010402,14,メイショウライゴー,浜中俊,47.2,◎,1.829,0.78,3.1,,,,,0,,0,,,0,,,0,,,0,,,,,,
2026.3.22,中京,2,未勝利,ダート1400m,2026032207010402,15,モズガネシア,富田暁,3.1,,0.405,0.904,10.3,,,,,,,,,,,,,,,,,,,,,,
2026.3.22,中京,2,未勝利,ダート1400m,2026032207010402,16,エコロボルト,団野大成,3.1,,0.633,0.805,16.1,,,,,,,,,,,,,,,,,,,,,,
2026.3.22,中京,3,未勝利,ダート1800m,2026032207010403,1,アレキサンダーサン,嶋田純次,4.2,,24.444,0.721,467.6,,,,,,,,,,,,,,,,,,,,,,
2026.3.22,中京,3,未勝利,ダート1800m,2026032207010403,2,ミカレオス,荻野琢真,5.6,,18.233,0.721,261.3,,,,,,,,,,,,,,,,,,,,,,
2026.3.22,中京,3,未勝利,ダート1800m,2026032207010403,3,ライヴジントニック,舟山瑠泉,30.0,△,2.065,0.778,5.5,,,,,,,,,,,,,,,,,,,,,,
2026.3.22,中京,3,未勝利,ダート1800m,2026032207010403,4,キミガイチバンイイ,小林美駒,3.1,,8.503,0.721,216.4,,,,,,,,,,,,,,,,,,,,,,
2026.3.22,中京,3,未勝利,ダート1800m,2026032207010403,5,サンライズビクター,団野大成,7.8,,1.551,0.806,16.0,,,,,,,,,,,,,,,,,,,,,,
2026.3.22,中京,3,未勝利,ダート1800m,2026032207010403,6,リアライズブライト,浜中俊,6.8,,0.55,0.841,6.5,,,,,,,,,,,,,,,,,,,,,,
2026.3.22,中京,3,未勝利,ダート1800m,2026032207010403,7,ピエナオルカ,幸英明,47.2,◎,2.654,0.759,4.5,,,,,0,,0,,,0,,,0,,,0,,,,,,
2026.3.22,中京,3,未勝利,ダート1800m,2026032207010403,8,シンゼンコジロウ,今村聖奈,1.0,,2.421,0.769,190.5,,,,,,,,,,,,,,,,,,,,,,
2026.3.22,中京,3,未勝利,ダート1800m,2026032207010403,9,ヴレパリジャン,富田暁,5.6,,13.802,0.721,197.0,,,,,,,,,,,,,,,,,,,,,,
2026.3.22,中京,3,未勝利,ダート1800m,2026032207010403,10,ジーティーピカソ,吉村誠之,38.2,◯,2.151,0.778,4.5,,,,,,,,,,,,,,,,,,,,,,
2026.3.22,中京,3,未勝利,ダート1800m,2026032207010403,11,アデルフィー,吉田隼人,17.4,,3.259,0.732,15.0,,,,,,,,,,,,,,,,,,,,,,
2026.3.22,中京,3,未勝利,ダート1800m,2026032207010403,12,リバーソニック,西村淳也,34.3,▲,2.057,0.778,4.8,,,,,,,,,,,,,,,,,,,,,,
2026.3.22,中京,3,未勝利,ダート1800m,2026032207010403,13,ヴァンドゥーヴル,小崎綾也,18.8,,3.927,0.721,16.7,,,,,,,,,,,,,,,,,,,,,,
2026.3.22,中京,3,未勝利,ダート1800m,2026032207010403,14,ルーナディサングエ,菅原隆一,26.6,×,9.659,0.721,29.0,,,,,,,,,,,,,,,,,,,,,,
2026.3.22,中京,3,未勝利,ダート1800m,2026032207010403,15,タイキジュビリー,国分恭介,12.4,,5.15,0.721,33.1,,,,,,,,,,,,,,,,,,,,,,
2026.3.22,中京,4,未勝利,芝2000m,2026032207010404,1,コティノス,田山旺佑,6.8,,0.33,0.937,3.9,,,,,,,,,,,,,,,,,,,,,,
2026.3.22,中京,4,未勝利,芝2000m,2026032207010404,2,ウインファイネスト,舟山瑠泉,6.8,,5.453,0.721,64.4,,,,,,,,,,,,,,,,,,,,,,
2026.3.22,中京,4,未勝利,芝2000m,2026032207010404,3,ブライトエアリー,西村淳也,32.3,△,2.789,0.753,6.9,,,,,,,,,,,,,,,,,,,,,,
2026.3.22,中京,4,未勝利,芝2000m,2026032207010404,4,ワンダーシャッフル,河原田菜,38.2,◯,5.498,0.721,11.5,,,,,,,,,,,,,,,,,,,,,,
2026.3.22,中京,4,未勝利,芝2000m,2026032207010404,5,チュオンソン,横山典弘,1.0,,0.449,0.885,35.3,,,,,,,,,,,,,,,,,,,,,,
2026.3.22,中京,4,未勝利,芝2000m,2026032207010404,6,メイショウケンゴウ,松若風馬,12.4,,1.634,0.795,10.5,,,,,,,,,,,,,,,,,,,,,,
2026.3.22,中京,4,未勝利,芝2000m,2026032207010404,7,トンデトンデトンデ,亀田温心,5.6,,21.435,0.721,307.2,,,,,,,,,,,,,,,,,,,,,,
2026.3.22,中京,4,未勝利,芝2000m,2026032207010404,8,リードアクター,丸山元気,9.1,,9.537,0.721,83.7,,,,,,,,,,,,,,,,,,,,,,
2026.3.22,中京,4,未勝利,芝2000m,2026032207010404,9,ロスニーニョス,古川吉洋,5.2,,14.372,0.721,220.1,,,,,,,,,,,,,,,,,,,,,,
2026.3.22,中京,4,未勝利,芝2000m,2026032207010404,10,ウィスカーパッド,横山武史,47.2,◎,1.475,0.816,2.5,,,,,0,,0,,,0,,,0,,,0,,,,,,
2026.3.22,中京,4,未勝利,芝2000m,2026032207010404,11,ロザーンジュ,今村聖奈,34.2,▲,3.077,0.74,7.2,,,,,,,,,,,,,,,,,,,,,,
2026.3.22,中京,4,未勝利,芝2000m,2026032207010404,12,ベジョータ,富田暁,3.1,,11.454,0.721,291.5,,,,,,,,,,,,,,,,,,,,,,
2026.3.22,中京,4,未勝利,芝2000m,2026032207010404,13,スターアライズ,石神深道,1.0,,2.991,0.744,235.4,,,,,,,,,,,,,,,,,,,,,,
2026.3.22,中京,4,未勝利,芝2000m,2026032207010404,14,メイショウハンター,浜中俊,5.6,,2.34,0.773,33.4,,,,,,,,,,,,,,,,,,,,,,
2026.3.22,中京,4,未勝利,芝2000m,2026032207010404,15,ディープマウンテン,木幡初也,30.6,×,7.679,0.721,20.1,,,,,,,,,,,,,,,,,,,,,,
2026.3.22,中京,5,未勝利,芝1600m,2026032207010405,1,コスモアルペジオ,杉原誠人,9.1,,7.703,0.721,67.6,,,,,,,,,,,,,,,,,,,,,,
2026.3.22,中京,5,未勝利,芝1600m,2026032207010405,2,エクストラダーク,石神深道,6.8,,14.081,0.721,166.3,,,,,,,,,,,,,,,,,,,,,,
2026.3.22,中京,5,未勝利,芝1600m,2026032207010405,3,エンヴェロップ,吉村誠之,34.3,◯,6.0,0.721,14.0,,,,,,,,,,,,,,,,,,,,,,
2026.3.22,中京,5,未勝利,芝1600m,2026032207010405,4,ルージュプルーヴ,西村淳也,9.1,,1.174,0.84,10.3,,,,,,,,,,,,,,,,,,,,,,
2026.3.22,中京,5,未勝利,芝1600m,2026032207010405,5,コールラヴ,小崎綾也,34.3,▲,2.871,0.749,6.7,,,,,,,,,,,,,,,,,,,,,,
2026.3.22,中京,5,未勝利,芝1600m,2026032207010405,6,ビッグヒーロー,団野大成,38.2,◎,0.765,0.814,1.6,,,,,0,,0,,,0,,,0,,,0,,,,,,
2026.3.22,中京,5,未勝利,芝1600m,2026032207010405,7,アゲンストオッズ,横山武史,13.8,,1.747,0.78,10.1,,,,,,,,,,,,,,,,,,,,,,
2026.3.22,中京,5,未勝利,芝1600m,2026032207010405,8,シンデレラガール,松若風馬,3.1,,1.206,0.839,30.7,,,,,,,,,,,,,,,,,,,,,,
2026.3.22,中京,5,未勝利,芝1600m,2026032207010405,9,エフティヴェント,吉田隼人,20.1,△,13.745,0.721,54.7,,,,,,,,,,,,,,,,,,,,,,
2026.3.22,中京,5,未勝利,芝1600m,2026032207010405,10,エイシンリーガル,永島まな,5.6,,8.024,0.721,115.0,,,,,,,,,,,,,,,,,,,,,,
2026.3.22,中京,5,未勝利,芝1600m,2026032207010405,11,エルミー,田辺裕信,18.7,×,7.45,0.721,31.8,,,,,,,,,,,,,,,,,,,,,,
2026.3.22,中京,5,未勝利,芝1600m,2026032207010405,12,ナムラソラン,和田陽希,8.5,,23.453,0.721,219.9,,,,,,,,,,,,,,,,,,,,,,
2026.3.22,中京,5,未勝利,芝1600m,2026032207010405,13,ノーブルクインダム,国分恭介,5.6,,17.046,0.721,243.3,,,,,,,,,,,,,,,,,,,,,,
2026.3.22,中京,5,未勝利,芝1600m,2026032207010405,14,ブラックジャック,横山典弘,4.2,,0.648,0.799,12.4,,,,,,,,,,,,,,,,,,,,,,
2026.3.22,中京,5,未勝利,芝1600m,2026032207010405,15,サンジルダール,西塚洸二,1.0,,3.681,0.721,289.7,,,,,,,,,,,,,,,,,,,,,,
2026.3.22,中京,5,未勝利,芝1600m,2026032207010405,16,スターアスコット,田山旺佑,3.1,,1.32,0.834,33.6,,,,,,,,,,,,,,,,,,,,,,
2026.3.22,中京,6,1勝,芝2000m,2026032207010406,1,マーゴットレジーナ,浜中俊,5.6,,0.448,0.886,6.4,,,,,,,,,,,,,,,,,,,,,,
2026.3.22,中京,6,1勝,芝2000m,2026032207010406,2,サラスヴァティー,横山武史,39.5,◎,0.988,0.837,2.0,,,,,0,,0,,,0,,,0,,,0,,,,,,
2026.3.22,中京,6,1勝,芝2000m,2026032207010406,3,サンセットビュー,小崎綾也,4.2,,2.227,0.777,42.6,,,,,,,,,,,,,,,,,,,,,,
2026.3.22,中京,6,1勝,芝2000m,2026032207010406,4,ジェルブロア,西村淳也,32.3,▲,5.376,0.721,13.3,,,,,,,,,,,,,,,,,,,,,,
2026.3.22,中京,6,1勝,芝2000m,2026032207010406,5,ホウオウペトリュス,富田暁,34.3,◯,5.314,0.721,12.4,,,,,,,,,,,,,,,,,,,,,,
2026.3.22,中京,6,1勝,芝2000m,2026032207010406,6,ダノンフィオーレ,西塚洸二,3.1,,0.389,0.911,9.9,,,,,,,,,,,,,,,,,,,,,,
2026.3.22,中京,6,1勝,芝2000m,2026032207010406,7,シェーンシュティア,杉原誠人,12.4,,2.754,0.754,17.7,,,,,,,,,,,,,,,,,,,,,,
2026.3.22,中京,6,1勝,芝2000m,2026032207010406,8,クインズエクレア,長岡禎仁,3.1,,11.344,0.721,288.7,,,,,,,,,,,,,,,,,,,,,,
2026.3.22,中京,6,1勝,芝2000m,2026032207010406,9,ドマーネ,国分恭介,27.0,△,5.425,0.721,16.1,,,,,,,,,,,,,,,,,,,,,,
2026.3.22,中京,6,1勝,芝2000m,2026032207010406,10,ストラニエーロ,吉村誠之,5.6,,12.66,0.721,180.7,,,,,,,,,,,,,,,,,,,,,,
2026.3.22,中京,6,1勝,芝2000m,2026032207010406,11,アフェシス,柴田裕一,5.6,,19.681,0.721,280.9,,,,,,,,,,,,,,,,,,,,,,
2026.3.22,中京,6,1勝,芝2000m,2026032207010406,12,ウアーシュプルング,幸英明,13.8,,2.958,0.745,17.1,,,,,,,,,,,,,,,,,,,,,,
2026.3.22,中京,6,1勝,芝2000m,2026032207010406,13,ブラックドレス,永島まな,4.2,,17.424,0.721,333.3,,,,,,,,,,,,,,,,,,,,,,
2026.3.22,中京,6,1勝,芝2000m,2026032207010406,14,イリスレーン,河原田菜,10.4,,6.49,0.721,49.9,,,,,,,,,,,,,,,,,,,,,,
2026.3.22,中京,6,1勝,芝2000m,2026032207010406,15,シェーラ,松若風馬,17.4,×,16.902,0.721,77.8,,,,,,,,,,,,,,,,,,,,,,
2026.3.22,中京,6,1勝,芝2000m,2026032207010406,16,ホウオウタイタン,田山旺佑,1.0,,0.629,0.807,49.5,,,,,,,,,,,,,,,,,,,,,,
2026.3.22,中京,6,1勝,芝2000m,2026032207010406,17,コスモイシュタル,石神深道,4.2,,0.601,0.819,11.5,,,,,,,,,,,,,,,,,,,,,,
2026.3.22,中京,7,1勝,ダート1800m,2026032207010407,1,ヴァズレーヌ,小崎綾也,3.1,,0.845,0.825,21.5,,,,,,,,,,,,,,,,,,,,,,
2026.3.22,中京,7,1勝,ダート1800m,2026032207010407,2,ガイ,木幡初也,3.1,,10.751,0.721,273.6,,,,,,,,,,,,,,,,,,,,,,
2026.3.22,中京,7,1勝,ダート1800m,2026032207010407,3,リアルショット,長岡禎仁,3.1,,10.157,0.721,258.5,,,,,,,,,,,,,,,,,,,,,,
2026.3.22,中京,7,1勝,ダート1800m,2026032207010407,4,カルツァクライン,永島まな,4.2,,12.097,0.721,231.4,,,,,,,,,,,,,,,,,,,,,,
2026.3.22,中京,7,1勝,ダート1800m,2026032207010407,5,レヴァンテシチー,団野大成,47.2,◎,1.534,0.809,2.6,,,,,0,,0,,,0,,,0,,,0,,,,,,
2026.3.22,中京,7,1勝,ダート1800m,2026032207010407,6,ハイグッドワールド,柴田裕一,34.2,△,16.452,0.721,38.5,,,,,,,,,,,,,,,,,,,,,,
2026.3.22,中京,7,1勝,ダート1800m,2026032207010407,7,スコーピオンイメル,富田暁,34.3,▲,4.071,0.721,9.5,,,,,,,,,,,,,,,,,,,,,,
2026.3.22,中京,7,1勝,ダート1800m,2026032207010407,8,コスモシェルベット,幸英明,4.2,,2.452,0.768,46.9,,,,,,,,,,,,,,,,,,,,,,
2026.3.22,中京,7,1勝,ダート1800m,2026032207010407,9,ローズマイスター,横山武史,25.6,×,2.658,0.759,8.3,,,,,,,,,,,,,,,,,,,,,,
2026.3.22,中京,7,1勝,ダート1800m,2026032207010407,10,ルージュマローネ,杉原誠人,13.8,,9.704,0.721,56.1,,,,,,,,,,,,,,,,,,,,,,
2026.3.22,中京,7,1勝,ダート1800m,2026032207010407,11,ペロ,丸山元気,24.2,,3.665,0.721,12.1,,,,,,,,,,,,,,,,,,,,,,
2026.3.22,中京,7,1勝,ダート1800m,2026032207010407,12,ロードアルディート,西村淳也,35.3,◯,1.279,0.836,2.9,,,,,,,,,,,,,,,,,,,,,,
2026.3.22,中京,7,1勝,ダート1800m,2026032207010407,13,テルアスワッド,田山旺佑,9.1,,3.122,0.738,27.4,,,,,,,,,,,,,,,,,,,,,,
2026.3.22,中京,7,1勝,ダート1800m,2026032207010407,14,ブルーストレイル,城戸義政,13.8,,35.285,0.721,204.0,,,,,,,,,,,,,,,,,,,,,,
2026.3.22,中京,7,1勝,ダート1800m,2026032207010407,15,メイショウクモイ,横山典弘,7.8,,1.406,0.826,14.5,,,,,,,,,,,,,,,,,,,,,,
2026.3.22,中京,8,1勝,芝1400m,2026032207010408,1,コムーネ,石神深道,3.1,,6.531,0.721,166.2,,,,,,,,,,,,,,,,,,,,,,
2026.3.22,中京,8,1勝,芝1400m,2026032207010408,2,ルクスノア,荻野琢真,5.2,,1.815,0.78,27.8,,,,,,,,,,,,,,,,,,,,,,
2026.3.22,中京,8,1勝,芝1400m,2026032207010408,3,ビッグフラワー,吉村誠之,25.6,△,3.523,0.721,11.0,,,,,,,,,,,,,,,,,,,,,,
2026.3.22,中京,8,1勝,芝1400m,2026032207010408,4,ミエノブラボー,丸山元気,35.3,◎,6.75,0.721,15.3,EV=6.75>=3.0上限除外(valid=59%),,,,0,,0,,,0,,,0,,,0,,,,,,
2026.3.22,中京,8,1勝,芝1400m,2026032207010408,5,ゴコウサス,小沢大仁,34.2,▲,97.516,0.721,228.2,,,,,,,,,,,,,,,,,,,,,,
2026.3.22,中京,8,1勝,芝1400m,2026032207010408,6,ペイシャアーサー,国分恭介,5.6,,1.513,0.811,21.6,,,,,,,,,,,,,,,,,,,,,,
2026.3.22,中京,8,1勝,芝1400m,2026032207010408,7,ルージュナリッシュ,横山典弘,17.4,×,3.194,0.735,14.7,,,,,,,,,,,,,,,,,,,,,,
2026.3.22,中京,8,1勝,芝1400m,2026032207010408,8,ガーデンプランナー,長岡禎仁,5.6,,24.882,0.721,356.6,,,,,,,,,,,,,,,,,,,,,,
2026.3.22,中京,8,1勝,芝1400m,2026032207010408,9,シンヒダカゴールド,古川吉洋,7.8,,3.761,0.721,38.8,,,,,,,,,,,,,,,,,,,,,,
2026.3.22,中京,8,1勝,芝1400m,2026032207010408,10,ロンティケチャップ,松若風馬,17.4,,3.867,0.721,17.8,,,,,,,,,,,,,,,,,,,,,,
2026.3.22,中京,8,1勝,芝1400m,2026032207010408,11,ジュエルハウス,柴田裕一,3.1,,4.224,0.721,107.5,,,,,,,,,,,,,,,,,,,,,,
2026.3.22,中京,8,1勝,芝1400m,2026032207010408,12,チムグクル,小崎綾也,35.3,◯,1.368,0.831,3.1,,,,,,,,,,,,,,,,,,,,,,
2026.3.22,中京,8,1勝,芝1400m,2026032207010408,13,フクシマコウヨウ,田辺裕信,1.0,,2.751,0.755,216.5,,,,,,,,,,,,,,,,,,,,,,
2026.3.22,中京,8,1勝,芝1400m,2026032207010408,14,エイヘンハールト,西村淳也,13.8,,0.588,0.825,3.4,,,,,,,,,,,,,,,,,,,,,,
2026.3.22,中京,8,1勝,芝1400m,2026032207010408,15,ディオデルマーレ,浜中俊,9.1,,0.615,0.813,5.4,,,,,,,,,,,,,,,,,,,,,,
2026.3.22,中京,8,1勝,芝1400m,2026032207010408,16,ヴァイタルピース,西塚洸二,9.1,,6.096,0.721,53.5,,,,,,,,,,,,,,,,,,,,,,
2026.3.22,中京,8,1勝,芝1400m,2026032207010408,17,ガウラスパーク,亀田温心,3.1,,2.208,0.777,56.2,,,,,,,,,,,,,,,,,,,,,,
2026.3.22,中京,8,1勝,芝1400m,2026032207010408,18,ウインレオネッサ,田山旺佑,6.8,,7.138,0.721,84.3,,,,,,,,,,,,,,,,,,,,,,
2026.3.22,中京,9,1勝,芝1600m,2026032207010409,1,コルテオソレイユ,浜中俊,27.0,×,1.28,0.836,3.8,,,,,,,,,,,,,,,,,,,,,,
2026.3.22,中京,9,1勝,芝1600m,2026032207010409,2,ピエドゥラパン,横山武史,44.6,◯,1.839,0.779,3.3,,,,,,,,,,,,,,,,,,,,,,
2026.3.22,中京,9,1勝,芝1600m,2026032207010409,3,チュウワカーネギー,西村淳也,39.5,▲,1.828,0.78,3.7,,,,,,,,,,,,,,,,,,,,,,
2026.3.22,中京,9,1勝,芝1600m,2026032207010409,4,ネッタイヤライ,富田暁,47.1,◎,6.54,0.721,11.1,EV=6.54>=3.0上限除外(valid=59%),,,,0,,0,,,0,,,0,,,0,,,,,,
2026.3.22,中京,9,1勝,芝1600m,2026032207010409,5,リピ,西塚洸二,12.6,,13.709,0.721,87.3,,,,,,,,,,,,,,,,,,,,,,
2026.3.22,中京,9,1勝,芝1600m,2026032207010409,6,アイガーリー,古川吉洋,20.1,,4.077,0.721,16.2,,,,,,,,,,,,,,,,,,,,,,
2026.3.22,中京,9,1勝,芝1600m,2026032207010409,7,リアライズブラーヴ,吉村誠之,12.6,,1.837,0.779,11.7,,,,,,,,,,,,,,,,,,,,,,
2026.3.22,中京,9,1勝,芝1600m,2026032207010409,8,テーオーアルアイン,団野大成,39.5,△,8.647,0.721,17.5,,,,,,,,,,,,,,,,,,,,,,
2026.3.22,中京,9,1勝,芝1600m,2026032207010409,9,ワタシイノッテマス,丸野勝虎,5.2,,18.447,0.721,282.5,,,,,,,,,,,,,,,,,,,,,,
2026.3.22,中京,9,1勝,芝1600m,2026032207010409,10,ブルースカイブルー,幸英明,27.0,,2.83,0.751,8.4,,,,,,,,,,,,,,,,,,,,,,
2026.3.22,中京,10,2勝,ダート1900m,2026032207010410,1,ベルイストワール,杉原誠人,3.1,,5.045,0.721,128.4,,,,,,,,,,,,,,,,,,,,,,
2026.3.22,中京,10,2勝,ダート1900m,2026032207010410,2,コスモコンフェルマ,団野大成,13.8,,3.736,0.721,21.6,,,,,,,,,,,,,,,,,,,,,,
2026.3.22,中京,10,2勝,ダート1900m,2026032207010410,3,ジョータルマエ,鮫島良太,9.9,,1.016,0.838,8.2,,,,,,,,,,,,,,,,,,,,,,
2026.3.22,中京,10,2勝,ダート1900m,2026032207010410,4,シゲルカミカゼ,舟山瑠泉,3.1,,2.409,0.77,61.3,,,,,,,,,,,,,,,,,,,,,,
2026.3.22,中京,10,2勝,ダート1900m,2026032207010410,5,エクストラノート,田山旺佑,1.0,,2.813,0.752,221.4,,,,,,,,,,,,,,,,,,,,,,
2026.3.22,中京,10,2勝,ダート1900m,2026032207010410,6,テーオーライマン,秋山稔樹,18.7,,1.312,0.835,5.6,,,,,,,,,,,,,,,,,,,,,,
2026.3.22,中京,10,2勝,ダート1900m,2026032207010410,7,ダブルメッセージ,丸山元気,26.6,▲,34.906,0.721,104.8,,,,,,,,,,,,,,,,,,,,,,
2026.3.22,中京,10,2勝,ダート1900m,2026032207010410,8,コーカサスゴールド,幸英明,44.6,◎,3.233,0.733,5.8,EV=3.23>=3.0上限除外(valid=59%),,,,0,,0,,,0,,,0,,,0,,,,,,
2026.3.22,中京,10,2勝,ダート1900m,2026032207010410,9,タイセイアディクト,横山武史,18.7,,1.991,0.779,8.5,,,,,,,,,,,,,,,,,,,,,,
2026.3.22,中京,10,2勝,ダート1900m,2026032207010410,10,ゼンエスポワール,横山典弘,5.6,,0.701,0.805,10.0,,,,,,,,,,,,,,,,,,,,,,
2026.3.22,中京,10,2勝,ダート1900m,2026032207010410,11,レッドボブ,浜中俊,25.6,△,3.779,0.721,11.8,,,,,,,,,,,,,,,,,,,,,,
2026.3.22,中京,10,2勝,ダート1900m,2026032207010410,12,ノボリクレバー,吉村誠之,30.0,◯,7.283,0.721,19.4,,,,,,,,,,,,,,,,,,,,,,
2026.3.22,中京,10,2勝,ダート1900m,2026032207010410,13,バルダンツァ,永島まな,20.1,×,4.624,0.721,18.4,,,,,,,,,,,,,,,,,,,,,,
2026.3.22,中京,10,2勝,ダート1900m,2026032207010410,14,スルーザナイト,亀田温心,5.6,,1.612,0.798,23.1,,,,,,,,,,,,,,,,,,,,,,
2026.3.22,中京,10,2勝,ダート1900m,2026032207010410,15,イプシロンナンバー,松若風馬,11.7,,0.997,0.837,6.8,,,,,,,,,,,,,,,,,,,,,,
2026.3.22,中京,10,2勝,ダート1900m,2026032207010410,16,レッドリベルタ,西村淳也,6.8,,0.855,0.826,10.1,,,,,,,,,,,,,,,,,,,,,,
2026.3.22,中京,11,Ｇ３,芝1400m,2026032207010411,1,マピュース,田辺裕信,24.2,△,2.242,0.777,7.4,,,,,,,,,,,,,,,,,,,,,,
2026.3.22,中京,11,Ｇ３,芝1400m,2026032207010411,2,レディマリオン,吉村誠之,9.9,,1.71,0.785,13.8,,,,,,,,,,,,,,,,,,,,,,
2026.3.22,中京,11,Ｇ３,芝1400m,2026032207010411,3,モリノドリーム,小林美駒,3.1,,4.967,0.721,126.4,,,,,,,,,,,,,,,,,,,,,,
2026.3.22,中京,11,Ｇ３,芝1400m,2026032207010411,4,カンパニョーラ,嶋田純次,5.2,,13.334,0.721,204.2,,,,,,,,,,,,,,,,,,,,,,
2026.3.22,中京,11,Ｇ３,芝1400m,2026032207010411,5,ウイントワイライト,横山典弘,9.1,,0.98,0.836,8.6,,,,,,,,,,,,,,,,,,,,,,
2026.3.22,中京,11,Ｇ３,芝1400m,2026032207010411,6,ナムラクララ,浜中俊,10.4,,1.34,0.833,10.3,,,,,,,,,,,,,,,,,,,,,,
2026.3.22,中京,11,Ｇ３,芝1400m,2026032207010411,7,チェルビアット,西村淳也,39.5,◎,2.915,0.747,5.9,,,,,0,,0,,,0,,,0,,,0,,,,,,
2026.3.22,中京,11,Ｇ３,芝1400m,2026032207010411,8,ソルトクィーン,富田暁,39.5,◯,4.497,0.721,9.1,,,,,,,,,,,,,,,,,,,,,,
2026.3.22,中京,11,Ｇ３,芝1400m,2026032207010411,9,マサノカナリア,古川吉洋,6.8,,4.606,0.721,54.4,,,,,,,,,,,,,,,,,,,,,,
2026.3.22,中京,11,Ｇ３,芝1400m,2026032207010411,10,セフィロ,吉田隼人,8.5,,3.637,0.721,34.1,,,,,,,,,,,,,,,,,,,,,,
2026.3.22,中京,11,Ｇ３,芝1400m,2026032207010411,11,スリールミニョン,丸山元気,2.2,,0.647,0.799,23.9,,,,,,,,,,,,,,,,,,,,,,
2026.3.22,中京,11,Ｇ３,芝1400m,2026032207010411,12,カルプスペルシュ,横山武史,11.7,,1.876,0.779,12.8,,,,,,,,,,,,,,,,,,,,,,
2026.3.22,中京,11,Ｇ３,芝1400m,2026032207010411,13,アブキールベイ,小崎綾也,9.9,,4.895,0.721,39.5,,,,,,,,,,,,,,,,,,,,,,
2026.3.22,中京,11,Ｇ３,芝1400m,2026032207010411,14,シンバーシア,団野大成,9.1,,6.632,0.721,58.2,,,,,,,,,,,,,,,,,,,,,,
2026.3.22,中京,11,Ｇ３,芝1400m,2026032207010411,15,ワイドラトゥール,西塚洸二,3.1,,0.468,0.877,11.9,,,,,,,,,,,,,,,,,,,,,,
2026.3.22,中京,11,Ｇ３,芝1400m,2026032207010411,16,ドロップオブライト,松若風馬,17.4,×,1.238,0.837,5.7,,,,,,,,,,,,,,,,,,,,,,
2026.3.22,中京,11,Ｇ３,芝1400m,2026032207010411,17,リラボニート,田山旺佑,34.3,▲,11.314,0.721,26.4,,,,,,,,,,,,,,,,,,,,,,
2026.3.22,中京,11,Ｇ３,芝1400m,2026032207010411,18,アイサンサン,幸英明,17.4,,5.996,0.721,27.6,,,,,,,,,,,,,,,,,,,,,,
2026.3.22,中京,12,1勝,ダート1200m,2026032207010412,1,オレイア,河原田菜,5.6,,10.536,0.721,151.0,,,,,,,,,,,,,,,,,,,,,,
2026.3.22,中京,12,1勝,ダート1200m,2026032207010412,2,アルマグラース,嶋田純次,4.2,,14.726,0.721,281.7,,,,,,,,,,,,,,,,,,,,,,
2026.3.22,中京,12,1勝,ダート1200m,2026032207010412,3,ハッピーウィズユー,幸英明,30.0,▲,6.57,0.721,17.5,,,,,,,,,,,,,,,,,,,,,,
2026.3.22,中京,12,1勝,ダート1200m,2026032207010412,4,エコロカディス,杉原誠人,7.8,,2.007,0.778,20.7,,,,,,,,,,,,,,,,,,,,,,
2026.3.22,中京,12,1勝,ダート1200m,2026032207010412,5,グランデスフィーダ,西村淳也,27.0,△,3.504,0.721,10.4,,,,,,,,,,,,,,,,,,,,,,
2026.3.22,中京,12,1勝,ダート1200m,2026032207010412,6,シルフズミスチーフ,今村聖奈,20.1,,0.905,0.832,3.6,,,,,,,,,,,,,,,,,,,,,,
2026.3.22,中京,12,1勝,ダート1200m,2026032207010412,7,エスタボニート,的場勇人,21.6,×,77.269,0.721,286.0,,,,,,,,,,,,,,,,,,,,,,
2026.3.22,中京,12,1勝,ダート1200m,2026032207010412,8,メイプルギャング,柴田裕一,3.1,,0.534,0.848,13.6,,,,,,,,,,,,,,,,,,,,,,
2026.3.22,中京,12,1勝,ダート1200m,2026032207010412,9,ジェイエルバース,和田陽希,8.0,,4.496,0.721,44.7,,,,,,,,,,,,,,,,,,,,,,
2026.3.22,中京,12,1勝,ダート1200m,2026032207010412,10,ナムラペルル,丸田恭介,5.6,,1.667,0.791,23.8,,,,,,,,,,,,,,,,,,,,,,
2026.3.22,中京,12,1勝,ダート1200m,2026032207010412,11,サンライズタイソン,小沢大仁,5.6,,11.988,0.721,171.1,,,,,,,,,,,,,,,,,,,,,,
2026.3.22,中京,12,1勝,ダート1200m,2026032207010412,12,フェゲフォイア,田山旺佑,7.8,,2.918,0.747,30.1,,,,,,,,,,,,,,,,,,,,,,
2026.3.22,中京,12,1勝,ダート1200m,2026032207010412,13,ウインレアリゼ,石神深道,3.1,,3.364,0.727,85.6,,,,,,,,,,,,,,,,,,,,,,
2026.3.22,中京,12,1勝,ダート1200m,2026032207010412,14,フルドド,吉村誠之,38.2,◯,1.817,0.78,3.8,,,,,,,,,,,,,,,,,,,,,,
2026.3.22,中京,12,1勝,ダート1200m,2026032207010412,15,サンライズブレイク,富田暁,39.5,◎,1.977,0.779,4.0,,,,,0,,0,,,0,,,0,,,0,,,,,,
2026.3.22,中京,12,1勝,ダート1200m,2026032207010412,16,メイショウホダワラ,団野大成,9.1,,1.812,0.78,15.9,,,,,,,,,,,,,,,,,,,,,,
2026.3.22,阪神,1,未勝利,ダート1400m,2026032209011001,1,エバーウインド,鮫島克駿,9.1,,9.959,0.721,87.4,,,,,,,,,,,,,,,,,,,,,,
2026.3.22,阪神,1,未勝利,ダート1400m,2026032209011001,2,ユーキャンフライ,角田大和,4.2,,15.27,0.721,292.1,,,,,,,,,,,,,,,,,,,,,,
2026.3.22,阪神,1,未勝利,ダート1400m,2026032209011001,3,ツァレヴナ,森田誠也,13.8,△,4.636,0.721,26.8,,,,,,,,,,,,,,,,,,,,,,
2026.3.22,阪神,1,未勝利,ダート1400m,2026032209011001,4,スマートコーラル,酒井学,9.1,,13.845,0.721,121.5,,,,,,,,,,,,,,,,,,,,,,
2026.3.22,阪神,1,未勝利,ダート1400m,2026032209011001,5,ベリルスフィア,田口貫太,1.0,,0.614,0.814,48.3,,,,,,,,,,,,,,,,,,,,,,
2026.3.22,阪神,1,未勝利,ダート1400m,2026032209011001,6,ワイルドチャーム,岩田望来,9.1,,1.185,0.84,10.4,,,,,,,,,,,,,,,,,,,,,,
2026.3.22,阪神,1,未勝利,ダート1400m,2026032209011001,7,ハッピーチャンス,岩部純二,11.7,,17.103,0.721,116.7,,,,,,,,,,,,,,,,,,,,,,
2026.3.22,阪神,1,未勝利,ダート1400m,2026032209011001,8,ワンダーアスク,川又賢治,25.6,▲,5.157,0.721,16.1,,,,,,,,,,,,,,,,,,,,,,
2026.3.22,阪神,1,未勝利,ダート1400m,2026032209011001,9,メモリーデイズ,国分優作,4.2,,5.039,0.721,96.4,,,,,,,,,,,,,,,,,,,,,,
2026.3.22,阪神,1,未勝利,ダート1400m,2026032209011001,10,メイショウナナユキ,菱田裕二,8.5,,2.4,0.77,22.5,,,,,,,,,,,,,,,,,,,,,,
2026.3.22,阪神,1,未勝利,ダート1400m,2026032209011001,11,ペイシャサウス,斎藤新,47.2,◎,3.657,0.721,6.2,阪神全面除外(ROI<60%),,,,0,,0,,,0,,,0,,,0,,,,,,
2026.3.22,阪神,1,未勝利,ダート1400m,2026032209011001,12,マイラバーズ,川端海翼,3.1,,11.603,0.721,295.3,,,,,,,,,,,,,,,,,,,,,,
2026.3.22,阪神,1,未勝利,ダート1400m,2026032209011001,13,ジェイパック,佐々木大,13.8,×,3.944,0.721,22.8,,,,,,,,,,,,,,,,,,,,,,
2026.3.22,阪神,1,未勝利,ダート1400m,2026032209011001,14,シオンダンサー,川田将雅,47.2,◯,0.767,0.814,1.3,,,,,,,,,,,,,,,,,,,,,,
2026.3.22,阪神,2,未勝利,ダート1800m,2026032209011002,1,アーサーバローズ,岩田望来,61.7,◎,3.239,0.733,4.2,阪神全面除外(ROI<60%),,,,0,,0,,,0,,,0,,,0,,,,,,
2026.3.22,阪神,2,未勝利,ダート1800m,2026032209011002,2,ウィシェフ,鮫島克駿,11.2,,11.081,0.721,79.0,,,,,,,,,,,,,,,,,,,,,,
2026.3.22,阪神,2,未勝利,ダート1800m,2026032209011002,3,アルペングロー,坂井瑠星,37.1,◯,1.299,0.835,2.8,,,,,,,,,,,,,,,,,,,,,,
2026.3.22,阪神,2,未勝利,ダート1800m,2026032209011002,4,エイシンリブウェル,松山弘平,28.9,▲,1.267,0.836,3.5,,,,,,,,,,,,,,,,,,,,,,
2026.3.22,阪神,2,未勝利,ダート1800m,2026032209011002,5,ブクブクー,森田誠也,24.8,△,15.825,0.721,51.0,,,,,,,,,,,,,,,,,,,,,,
2026.3.22,阪神,2,未勝利,ダート1800m,2026032209011002,6,アメリカンサクラ,佐々木大,8.3,,8.557,0.721,82.6,,,,,,,,,,,,,,,,,,,,,,
2026.3.22,阪神,2,未勝利,ダート1800m,2026032209011002,7,アンフィニエクラ,斎藤新,11.2,,2.118,0.778,15.1,,,,,,,,,,,,,,,,,,,,,,
2026.3.22,阪神,2,未勝利,ダート1800m,2026032209011002,8,タイキフォルティス,川端海翼,1.5,,7.102,0.721,369.3,,,,,,,,,,,,,,,,,,,,,,
2026.3.22,阪神,2,未勝利,ダート1800m,2026032209011002,9,ビップレグルス,国分優作,4.8,,40.869,0.721,682.7,,,,,,,,,,,,,,,,,,,,,,
2026.3.22,阪神,2,未勝利,ダート1800m,2026032209011002,10,メイショウゴッホ,角田大和,5.2,,11.367,0.721,173.7,,,,,,,,,,,,,,,,,,,,,,
2026.3.22,阪神,2,未勝利,ダート1800m,2026032209011002,11,ワールドロイヤル,太宰啓介,8.3,,2.755,0.754,26.6,,,,,,,,,,,,,,,,,,,,,,
2026.3.22,阪神,2,未勝利,ダート1800m,2026032209011002,12,ジャスティンレビン,北村友一,21.4,×,1.285,0.836,4.8,,,,,,,,,,,,,,,,,,,,,,
2026.3.22,阪神,2,未勝利,ダート1800m,2026032209011002,13,ラッキーストーン,田口貫太,8.3,,5.304,0.721,51.2,,,,,,,,,,,,,,,,,,,,,,
2026.3.22,阪神,3,未勝利,ダート1200m,2026032209011003,1,キタノローズ,国分優作,8.5,,12.713,0.721,119.2,,,,,,,,,,,,,,,,,,,,,,
2026.3.22,阪神,3,未勝利,ダート1200m,2026032209011003,2,ナムラステラ,川端海翼,8.5,,17.737,0.721,166.3,,,,,,,,,,,,,,,,,,,,,,
2026.3.22,阪神,3,未勝利,ダート1200m,2026032209011003,3,ヤマトチャージ,佐々木大,17.4,,10.45,0.721,48.1,,,,,,,,,,,,,,,,,,,,,,
2026.3.22,阪神,3,未勝利,ダート1200m,2026032209011003,4,ココソラーレ,大久保友,12.6,,24.67,0.721,157.1,,,,,,,,,,,,,,,,,,,,,,
2026.3.22,阪神,3,未勝利,ダート1200m,2026032209011003,5,レガリアーナ,酒井学,13.8,,8.372,0.721,48.4,,,,,,,,,,,,,,,,,,,,,,
2026.3.22,阪神,3,未勝利,ダート1200m,2026032209011003,6,ダイメイプリンス,田口貫太,5.6,,2.067,0.778,29.5,,,,,,,,,,,,,,,,,,,,,,
2026.3.22,阪神,3,未勝利,ダート1200m,2026032209011003,7,メイショウテンジン,丹内祐次,27.0,△,1.247,0.837,3.7,,,,,,,,,,,,,,,,,,,,,,
2026.3.22,阪神,3,未勝利,ダート1200m,2026032209011003,8,キャッチアシーフ,岩田望来,47.2,◎,3.067,0.74,5.2,阪神全面除外(ROI<60%),,,,0,,0,,,0,,,0,,,0,,,,,,
2026.3.22,阪神,3,未勝利,ダート1200m,2026032209011003,9,マリーイメル,鷲頭虎太,3.1,,4.727,0.721,120.3,,,,,,,,,,,,,,,,,,,,,,
2026.3.22,阪神,3,未勝利,ダート1200m,2026032209011003,10,ヴォンドゥ,森田誠也,26.6,×,2.032,0.778,6.1,,,,,,,,,,,,,,,,,,,,,,
2026.3.22,阪神,3,未勝利,ダート1200m,2026032209011003,11,デルマアソ,岩部純二,3.1,,15.741,0.721,400.6,,,,,,,,,,,,,,,,,,,,,,
2026.3.22,阪神,3,未勝利,ダート1200m,2026032209011003,12,アドフランマム,松山弘平,47.2,◯,2.183,0.777,3.7,,,,,,,,,,,,,,,,,,,,,,
2026.3.22,阪神,3,未勝利,ダート1200m,2026032209011003,13,マクアケ,鮫島克駿,42.7,▲,2.083,0.778,3.9,,,,,,,,,,,,,,,,,,,,,,
2026.3.22,阪神,4,未勝利,芝2400m,2026032209011004,1,ヘブンクローバー,川又賢治,3.1,,11.199,0.721,285.0,,,,,,,,,,,,,,,,,,,,,,
2026.3.22,阪神,4,未勝利,芝2400m,2026032209011004,2,パゴスピグイノス,角田大和,1.0,,3.549,0.721,279.3,,,,,,,,,,,,,,,,,,,,,,
2026.3.22,阪神,4,未勝利,芝2400m,2026032209011004,3,ミエノクラウン,岩田望来,34.2,▲,2.649,0.759,6.2,,,,,,,,,,,,,,,,,,,,,,
2026.3.22,阪神,4,未勝利,芝2400m,2026032209011004,4,サラサチャーミング,松山弘平,12.6,,11.605,0.721,73.9,,,,,,,,,,,,,,,,,,,,,,
2026.3.22,阪神,4,未勝利,芝2400m,2026032209011004,5,アスクファイアモア,坂井瑠星,3.1,,0.33,0.937,8.4,,,,,,,,,,,,,,,,,,,,,,
2026.3.22,阪神,4,未勝利,芝2400m,2026032209011004,6,ヴィラジョヴィス,北村友一,39.5,◯,1.927,0.779,3.9,,,,,,,,,,,,,,,,,,,,,,
2026.3.22,阪神,4,未勝利,芝2400m,2026032209011004,7,レイワノキセキ,太宰啓介,47.1,◎,4.654,0.721,7.9,阪神全面除外(ROI<60%),,,,0,,0,,,0,,,0,,,0,,,,,,
2026.3.22,阪神,4,未勝利,芝2400m,2026032209011004,8,ゴールドアクセス,武豊,32.3,△,1.091,0.843,2.7,,,,,,,,,,,,,,,,,,,,,,
2026.3.22,阪神,4,未勝利,芝2400m,2026032209011004,9,ウインマデイラ,丹内祐次,1.0,,1.097,0.843,86.3,,,,,,,,,,,,,,,,,,,,,,
2026.3.22,阪神,4,未勝利,芝2400m,2026032209011004,10,ティラユール,酒井学,3.1,,7.56,0.721,192.4,,,,,,,,,,,,,,,,,,,,,,
2026.3.22,阪神,4,未勝利,芝2400m,2026032209011004,11,ブルースプレイヤー,森田誠也,9.1,,40.702,0.721,357.2,,,,,,,,,,,,,,,,,,,,,,
2026.3.22,阪神,4,未勝利,芝2400m,2026032209011004,12,フィエールシャンテ,国分優作,13.8,,6.919,0.721,40.0,,,,,,,,,,,,,,,,,,,,,,
2026.3.22,阪神,4,未勝利,芝2400m,2026032209011004,13,ショウナンアンバー,鮫島克駿,1.0,,1.398,0.827,110.0,,,,,,,,,,,,,,,,,,,,,,
2026.3.22,阪神,4,未勝利,芝2400m,2026032209011004,14,エンジェルボイス,佐々木大,24.2,×,2.302,0.775,7.6,,,,,,,,,,,,,,,,,,,,,,
2026.3.22,阪神,4,未勝利,芝2400m,2026032209011004,15,ライヴモヒート,中井裕二,1.0,,7.037,0.721,553.8,,,,,,,,,,,,,,,,,,,,,,
2026.3.22,阪神,4,未勝利,芝2400m,2026032209011004,16,キーテーマ,菱田裕二,21.6,,12.941,0.721,47.9,,,,,,,,,,,,,,,,,,,,,,
2026.3.22,阪神,4,未勝利,芝2400m,2026032209011004,17,ニテンイチリュウ,田口貫太,1.0,,5.878,0.721,462.6,,,,,,,,,,,,,,,,,,,,,,
2026.3.22,阪神,5,1勝,芝1200m,2026032209011005,1,フィオラーノ,松本大輝,12.6,,2.842,0.75,18.1,,,,,,,,,,,,,,,,,,,,,,
2026.3.22,阪神,5,1勝,芝1200m,2026032209011005,2,ネメス,北村友一,35.3,◯,2.25,0.777,5.1,,,,,,,,,,,,,,,,,,,,,,
2026.3.22,阪神,5,1勝,芝1200m,2026032209011005,3,ドルチェミスト,鮫島克駿,39.5,◎,3.459,0.723,7.0,阪神全面除外(ROI<60%),,,,0,,0,,,0,,,0,,,0,,,,,,
2026.3.22,阪神,5,1勝,芝1200m,2026032209011005,4,サヨノパララックス,菱田裕二,5.6,,1.583,0.802,22.6,,,,,,,,,,,,,,,,,,,,,,
2026.3.22,阪神,5,1勝,芝1200m,2026032209011005,5,エスティヴァリス,斎藤新,5.6,,2.435,0.769,34.9,,,,,,,,,,,,,,,,,,,,,,
2026.3.22,阪神,5,1勝,芝1200m,2026032209011005,6,フルールジェンヌ,田口貫太,27.0,△,1.078,0.842,3.2,,,,,,,,,,,,,,,,,,,,,,
2026.3.22,阪神,5,1勝,芝1200m,2026032209011005,7,グレースジェンヌ,岩田望来,26.6,×,1.565,0.805,4.7,,,,,,,,,,,,,,,,,,,,,,
2026.3.22,阪神,5,1勝,芝1200m,2026032209011005,8,ワイドカクゲン,佐々木大,24.2,,8.572,0.721,28.3,,,,,,,,,,,,,,,,,,,,,,
2026.3.22,阪神,5,1勝,芝1200m,2026032209011005,9,ミスバレンシア,丹内祐次,9.1,,6.119,0.721,53.7,,,,,,,,,,,,,,,,,,,,,,
2026.3.22,阪神,5,1勝,芝1200m,2026032209011005,10,ジャスパーメルチェ,坂井瑠星,34.3,▲,3.514,0.721,8.2,,,,,,,,,,,,,,,,,,,,,,
2026.3.22,阪神,5,1勝,芝1200m,2026032209011005,11,シラヌイ,松山弘平,13.8,,1.885,0.779,10.9,,,,,,,,,,,,,,,,,,,,,,
2026.3.22,阪神,6,1勝,ダート1800m,2026032209011006,1,ミヤジオズ,田口貫太,5.6,,6.509,0.721,92.9,,,,,,,,,,,,,,,,,,,,,,
2026.3.22,阪神,6,1勝,ダート1800m,2026032209011006,2,スターシップ,松山弘平,13.8,,4.376,0.721,25.3,,,,,,,,,,,,,,,,,,,,,,
2026.3.22,阪神,6,1勝,ダート1800m,2026032209011006,3,ワンダフルデイズ,丹内祐次,44.6,◎,5.016,0.721,9.0,阪神全面除外(ROI<60%),,,,0,,0,,,0,,,0,,,0,,,,,,
2026.3.22,阪神,6,1勝,ダート1800m,2026032209011006,4,エコロガノン,酒井学,25.6,×,17.424,0.721,54.4,,,,,,,,,,,,,,,,,,,,,,
2026.3.22,阪神,6,1勝,ダート1800m,2026032209011006,5,ジュンプリメーロ,武豊,8.0,,2.474,0.767,24.6,,,,,,,,,,,,,,,,,,,,,,
2026.3.22,阪神,6,1勝,ダート1800m,2026032209011006,6,キタノシャカール,坂井瑠星,27.0,△,4.818,0.721,14.3,,,,,,,,,,,,,,,,,,,,,,
2026.3.22,阪神,6,1勝,ダート1800m,2026032209011006,7,クリュギスト,岩田望来,12.4,,0.731,0.809,4.7,,,,,,,,,,,,,,,,,,,,,,
2026.3.22,阪神,6,1勝,ダート1800m,2026032209011006,8,ランニングビーチ,佐々木大,9.1,,13.662,0.721,119.9,,,,,,,,,,,,,,,,,,,,,,
2026.3.22,阪神,6,1勝,ダート1800m,2026032209011006,9,ラブインアクション,鮫島克駿,9.1,,2.165,0.778,19.0,,,,,,,,,,,,,,,,,,,,,,
2026.3.22,阪神,6,1勝,ダート1800m,2026032209011006,10,セイントエルモズ,斎藤新,1.0,,0.881,0.829,69.3,,,,,,,,,,,,,,,,,,,,,,
2026.3.22,阪神,6,1勝,ダート1800m,2026032209011006,11,アトモス,角田大和,34.2,▲,4.273,0.721,10.0,,,,,,,,,,,,,,,,,,,,,,
2026.3.22,阪神,6,1勝,ダート1800m,2026032209011006,12,アメリカンコール,北村友一,9.1,,0.353,0.927,3.1,,,,,,,,,,,,,,,,,,,,,,
2026.3.22,阪神,6,1勝,ダート1800m,2026032209011006,13,タガノエルー,菱田裕二,39.5,◯,1.927,0.779,3.9,,,,,,,,,,,,,,,,,,,,,,
2026.3.22,阪神,7,1勝,芝2400m,2026032209011007,1,クラッチプレイヤー,川田将雅,20.9,△,3.342,0.728,12.8,,,,,,,,,,,,,,,,,,,,,,
2026.3.22,阪神,7,1勝,芝2400m,2026032209011007,2,ジーティートシオー,鮫島克駿,17.4,,,0.0,,,,,,,,,,,,,,,,,,,,,,,
2026.3.22,阪神,7,1勝,芝2400m,2026032209011007,3,エリカアンディーヴ,北村友一,27.0,▲,1.045,0.84,3.1,,,,,,,,,,,,,,,,,,,,,,
2026.3.22,阪神,7,1勝,芝2400m,2026032209011007,4,ジュンライデン,岩田望来,18.8,,1.199,0.839,5.1,,,,,,,,,,,,,,,,,,,,,,
2026.3.22,阪神,7,1勝,芝2400m,2026032209011007,5,テイクザクラウン,川又賢治,34.3,◯,5.185,0.721,12.1,,,,,,,,,,,,,,,,,,,,,,
2026.3.22,阪神,7,1勝,芝2400m,2026032209011007,6,セイキュート,坂井瑠星,47.2,◎,1.239,0.837,2.1,阪神全面除外(ROI<60%),,,,0,,0,,,0,,,0,,,0,,,,,,
2026.3.22,阪神,7,1勝,芝2400m,2026032209011007,7,マイネルビスマルク,加藤祥太,20.1,×,9.312,0.721,37.0,,,,,,,,,,,,,,,,,,,,,,
2026.3.22,阪神,7,1勝,芝2400m,2026032209011007,8,ピコラ,川端海翼,17.4,,9.95,0.721,45.8,,,,,,,,,,,,,,,,,,,,,,
2026.3.22,阪神,7,1勝,芝2400m,2026032209011007,9,メイショウハリソン,角田大和,5.6,,8.835,0.721,126.1,,,,,,,,,,,,,,,,,,,,,,
2026.3.22,阪神,7,1勝,芝2400m,2026032209011007,10,アットアブラスト,松山弘平,9.1,,2.985,0.744,26.2,,,,,,,,,,,,,,,,,,,,,,
2026.3.22,阪神,7,1勝,芝2400m,2026032209011007,11,ドゥラシェーナ,大久保友,5.6,,6.145,0.721,87.7,,,,,,,,,,,,,,,,,,,,,,
2026.3.22,阪神,8,1勝,ダート1800m,2026032209011008,1,エンブレムボム,松本大輝,11.9,,8.563,0.721,57.4,,,,,,,,,,,,,,,,,,,,,,
2026.3.22,阪神,8,1勝,ダート1800m,2026032209011008,2,マジックブルー,丹内祐次,5.2,,1.112,0.843,17.0,,,,,,,,,,,,,,,,,,,,,,
2026.3.22,阪神,8,1勝,ダート1800m,2026032209011008,3,レーンアジリティ,斎藤新,21.0,▲,3.776,0.721,14.4,,,,,,,,,,,,,,,,,,,,,,
2026.3.22,阪神,8,1勝,ダート1800m,2026032209011008,4,ムーンスカイ,森田誠也,2.4,,4.034,0.721,133.1,,,,,,,,,,,,,,,,,,,,,,
2026.3.22,阪神,8,1勝,ダート1800m,2026032209011008,5,ポイントネモ,鮫島克駿,49.6,◎,0.993,0.837,1.6,阪神全面除外(ROI<60%),,,,0,,0,,,0,,,0,,,0,,,,,,
2026.3.22,阪神,8,1勝,ダート1800m,2026032209011008,6,アックアヴィリーレ,大久保友,6.6,,18.565,0.721,224.0,,,,,,,,,,,,,,,,,,,,,,
2026.3.22,阪神,8,1勝,ダート1800m,2026032209011008,7,クレスコドルフィン,中井裕二,9.3,,1.537,0.808,13.2,,,,,,,,,,,,,,,,,,,,,,
2026.3.22,阪神,8,1勝,ダート1800m,2026032209011008,8,メイショウカスガイ,角田大和,23.3,◯,12.762,0.721,43.9,,,,,,,,,,,,,,,,,,,,,,
2026.3.22,阪神,8,1勝,ダート1800m,2026032209011008,9,オーレアミスト,岩田望来,17.9,△,0.87,0.828,3.9,,,,,,,,,,,,,,,,,,,,,,
2026.3.22,阪神,8,1勝,ダート1800m,2026032209011008,10,ルシャリオ,酒井学,15.0,×,1.595,0.801,8.5,,,,,,,,,,,,,,,,,,,,,,
2026.3.22,阪神,9,2勝,芝1600m,2026032209011009,1,リカントロポ,田口貫太,33.7,◯,3.078,0.74,7.3,,,,,,,,,,,,,,,,,,,,,,
2026.3.22,阪神,9,2勝,芝1600m,2026032209011009,2,モアリジット,古川奈穂,49.6,◎,4.53,0.721,7.3,阪神全面除外(ROI<60%),,,,0,,0,,,0,,,0,,,0,,,,,,
2026.3.22,阪神,9,2勝,芝1600m,2026032209011009,3,サヴァビアン,斎藤新,2.6,,4.857,0.721,152.3,,,,,,,,,,,,,,,,,,,,,,
2026.3.22,阪神,9,2勝,芝1600m,2026032209011009,4,テラメリタ,川田将雅,32.5,▲,0.854,0.826,2.1,,,,,,,,,,,,,,,,,,,,,,
2026.3.22,阪神,9,2勝,芝1600m,2026032209011009,5,フェアリーライク,武豊,28.9,△,0.868,0.828,2.4,,,,,,,,,,,,,,,,,,,,,,
2026.3.22,阪神,9,2勝,芝1600m,2026032209011009,6,マルカオペラ,北村友一,25.7,×,5.197,0.721,16.2,,,,,,,,,,,,,,,,,,,,,,
2026.3.22,阪神,9,2勝,芝1600m,2026032209011009,7,シャイニースイフト,丹内祐次,6.6,,11.454,0.721,138.2,,,,,,,,,,,,,,,,,,,,,,
2026.3.22,阪神,9,2勝,芝1600m,2026032209011009,8,クイックバイオ,佐々木大,15.0,,4.616,0.721,24.6,,,,,,,,,,,,,,,,,,,,,,
2026.3.22,阪神,10,ｵｰﾌﾟﾝ,ダート1800m,2026032209011010,1,カペルブリュッケ,斎藤新,17.4,△,9.19,0.721,42.3,,,,,,,,,,,,,,,,,,,,,,
2026.3.22,阪神,10,ｵｰﾌﾟﾝ,ダート1800m,2026032209011010,2,シュラザック,田口貫太,9.1,,6.506,0.721,57.1,,,,,,,,,,,,,,,,,,,,,,
2026.3.22,阪神,10,ｵｰﾌﾟﾝ,ダート1800m,2026032209011010,3,グーデンドラーク,国分優作,3.1,,1.788,0.78,45.5,,,,,,,,,,,,,,,,,,,,,,
2026.3.22,阪神,10,ｵｰﾌﾟﾝ,ダート1800m,2026032209011010,4,テーオーグランビル,岩田望来,6.8,,1.084,0.842,12.8,,,,,,,,,,,,,,,,,,,,,,
2026.3.22,阪神,10,ｵｰﾌﾟﾝ,ダート1800m,2026032209011010,5,モックモック,武豊,34.3,▲,3.214,0.734,7.5,,,,,,,,,,,,,,,,,,,,,,
2026.3.22,阪神,10,ｵｰﾌﾟﾝ,ダート1800m,2026032209011010,6,メイショウズイウン,太宰啓介,13.8,,4.03,0.721,23.3,,,,,,,,,,,,,,,,,,,,,,
2026.3.22,阪神,10,ｵｰﾌﾟﾝ,ダート1800m,2026032209011010,7,タガノバビロン,松山弘平,13.8,,0.64,0.802,3.7,,,,,,,,,,,,,,,,,,,,,,
2026.3.22,阪神,10,ｵｰﾌﾟﾝ,ダート1800m,2026032209011010,8,ルシュヴァルドール,坂井瑠星,39.5,◎,1.631,0.796,3.3,阪神全面除外(ROI<60%),,,,0,,0,,,0,,,0,,,0,,,,,,
2026.3.22,阪神,10,ｵｰﾌﾟﾝ,ダート1800m,2026032209011010,9,ハギノサステナブル,北村友一,35.3,◯,5.868,0.721,13.3,,,,,,,,,,,,,,,,,,,,,,
2026.3.22,阪神,10,ｵｰﾌﾟﾝ,ダート1800m,2026032209011010,10,レッドプロフェシー,酒井学,9.1,,6.563,0.721,57.6,,,,,,,,,,,,,,,,,,,,,,
2026.3.22,阪神,10,ｵｰﾌﾟﾝ,ダート1800m,2026032209011010,11,ジンセイ,川田将雅,4.2,,0.512,0.858,9.8,,,,,,,,,,,,,,,,,,,,,,
2026.3.22,阪神,10,ｵｰﾌﾟﾝ,ダート1800m,2026032209011010,12,ピースオブザライフ,松本大輝,4.2,,12.165,0.721,232.7,,,,,,,,,,,,,,,,,,,,,,
2026.3.22,阪神,10,ｵｰﾌﾟﾝ,ダート1800m,2026032209011010,13,ラインオブソウル,角田大和,1.0,,1.662,0.792,130.8,,,,,,,,,,,,,,,,,,,,,,
2026.3.22,阪神,10,ｵｰﾌﾟﾝ,ダート1800m,2026032209011010,14,メイショウユズルハ,菱田裕二,3.1,,3.155,0.736,80.3,,,,,,,,,,,,,,,,,,,,,,
2026.3.22,阪神,10,ｵｰﾌﾟﾝ,ダート1800m,2026032209011010,15,タイトニット,丹内祐次,17.4,×,2.216,0.777,10.2,,,,,,,,,,,,,,,,,,,,,,
2026.3.22,阪神,10,ｵｰﾌﾟﾝ,ダート1800m,2026032209011010,16,ロードラビリンス,鮫島克駿,5.6,,1.352,0.833,19.3,,,,,,,,,,,,,,,,,,,,,,
2026.3.22,阪神,11,Ｇ２,芝3000m,2026032209011011,1,アドマイヤテラ,武豊,6.8,,0.262,0.95,3.1,,,,,,,,,,,,,,,,,,,,,,
2026.3.22,阪神,11,Ｇ２,芝3000m,2026032209011011,2,シュヴァリエローズ,北村友一,5.6,,2.298,0.775,32.8,,,,,,,,,,,,,,,,,,,,,,
2026.3.22,阪神,11,Ｇ２,芝3000m,2026032209011011,3,ファミリータイム,松山弘平,47.1,◯,7.424,0.721,12.6,,,,,,,,,,,,,,,,,,,,,,
2026.3.22,阪神,11,Ｇ２,芝3000m,2026032209011011,4,アクアヴァーナル,坂井瑠星,34.2,△,5.812,0.721,13.6,,,,,,,,,,,,,,,,,,,,,,
2026.3.22,阪神,11,Ｇ２,芝3000m,2026032209011011,5,ダノンシーマ,川田将雅,47.2,◎,1.947,0.779,3.3,阪神全面除外(ROI<60%),,,,0,,0,,,0,,,0,,,0,,,,,,
2026.3.22,阪神,11,Ｇ２,芝3000m,2026032209011011,6,レッドバンデ,佐々木大,35.3,▲,1.588,0.801,3.6,,,,,,,,,,,,,,,,,,,,,,
2026.3.22,阪神,11,Ｇ２,芝3000m,2026032209011011,7,マイネルエンペラー,丹内祐次,6.8,,0.61,0.815,7.2,,,,,,,,,,,,,,,,,,,,,,
2026.3.22,阪神,11,Ｇ２,芝3000m,2026032209011011,8,メイショウブレゲ,酒井学,8.5,,18.569,0.721,174.1,,,,,,,,,,,,,,,,,,,,,,
2026.3.22,阪神,11,Ｇ２,芝3000m,2026032209011011,9,サンライズソレイユ,岩田望来,17.4,,7.734,0.721,35.6,,,,,,,,,,,,,,,,,,,,,,
2026.3.22,阪神,11,Ｇ２,芝3000m,2026032209011011,10,ダンディズム,松本大輝,18.7,×,52.452,0.721,223.9,,,,,,,,,,,,,,,,,,,,,,
2026.3.22,阪神,12,2勝,ダート1400m,2026032209011012,1,モズケイスター,坂井瑠星,47.1,◎,3.889,0.721,6.6,阪神全面除外(ROI<60%),,,,0,,0,,,0,,,0,,,0,,,,,,
2026.3.22,阪神,12,2勝,ダート1400m,2026032209011012,2,ダイシンリンク,武豊,32.3,△,6.508,0.721,16.1,,,,,,,,,,,,,,,,,,,,,,
2026.3.22,阪神,12,2勝,ダート1400m,2026032209011012,3,アオイミモザ,鮫島克駿,7.8,,1.163,0.84,12.0,,,,,,,,,,,,,,,,,,,,,,
2026.3.22,阪神,12,2勝,ダート1400m,2026032209011012,4,ワンダーカモン,川又賢治,17.4,,26.265,0.721,120.9,,,,,,,,,,,,,,,,,,,,,,
2026.3.22,阪神,12,2勝,ダート1400m,2026032209011012,5,バイファーザベスト,佐々木大,7.8,,,0.0,,,,,,,,,,,,,,,,,,,,,,,
2026.3.22,阪神,12,2勝,ダート1400m,2026032209011012,6,メモリーグラス,酒井学,4.2,,9.844,0.721,188.3,,,,,,,,,,,,,,,,,,,,,,
2026.3.22,阪神,12,2勝,ダート1400m,2026032209011012,7,ヨリノレジェンド,松山弘平,34.3,◯,2.143,0.778,5.0,,,,,,,,,,,,,,,,,,,,,,
2026.3.22,阪神,12,2勝,ダート1400m,2026032209011012,8,ゲイルライダー,岩田望来,8.0,,0.292,0.95,2.9,,,,,,,,,,,,,,,,,,,,,,
2026.3.22,阪神,12,2勝,ダート1400m,2026032209011012,9,ウルスクローム,田口貫太,13.8,,1.038,0.84,6.0,,,,,,,,,,,,,,,,,,,,,,
2026.3.22,阪神,12,2勝,ダート1400m,2026032209011012,10,コウジョリョウゾク,森田誠也,7.8,,12.059,0.721,124.4,,,,,,,,,,,,,,,,,,,,,,
2026.3.22,阪神,12,2勝,ダート1400m,2026032209011012,11,ザックザク,北村友一,34.2,▲,2.607,0.761,6.1,,,,,,,,,,,,,,,,,,,,,,
2026.3.22,阪神,12,2勝,ダート1400m,2026032209011012,12,テラステラ,丹内祐次,5.6,,2.053,0.778,29.3,,,,,,,,,,,,,,,,,,,,,,
2026.3.22,阪神,12,2勝,ダート1400m,2026032209011012,13,リメンバーヒム,斎藤新,25.6,×,9.448,0.721,29.5,,,,,,,,,,,,,,,,,,,,,,
